,DB,Date,UnitsConsumed
0,DB01 ,1/2/2016,0.83
1,DB01 ,1/3/2016,1.99
2,DB01 ,1/4/2016,1.99
3,DB01 ,1/5/2016,0.2
4,DB01 ,1/6/2016,0.63
5,DB01 ,1/8/2016,0.73
6,DB01 ,1/12/2016,1.03
7,DB01 ,2/2/2016,1.15
8,DB01 ,2/3/2016,1.57
9,DB01 ,2/4/2016,1.87
10,DB01 ,2/5/2016,1.03
11,DB01 ,2/8/2016,0.73
12,DB01 ,2/12/2016,0.06
13,DB01 ,2/13/2016,1.06
14,DB01 ,2/14/2016,0.36
15,DB01 ,2/15/2016,0.49
16,DB01 ,2/16/2016,0.92
17,DB01 ,2/17/2016,0.99
18,DB01 ,2/18/2016,1.03
19,DB01 ,2/19/2016,0.99
20,DB01 ,2/20/2016,1
21,DB01 ,2/21/2016,0.95
22,DB01 ,2/22/2016,0.97
23,DB01 ,2/23/2016,0.97
24,DB01 ,2/24/2016,0.94
25,DB01 ,2/25/2016,1.6
26,DB01 ,2/26/2016,1.76
27,DB01 ,2/27/2016,1.54
28,DB01 ,2/28/2016,2.06
29,DB01 ,2/29/2016,2.11
30,DB01 ,3/2/2016,1.44
31,DB01 ,3/3/2016,2.12
32,DB01 ,3/4/2016,2.01
33,DB01 ,3/5/2016,0.9
34,DB01 ,3/12/2016,0.82
35,DB01 ,3/13/2016,1.66
36,DB01 ,3/14/2016,1.99
37,DB01 ,3/15/2016,1.83
38,DB01 ,3/16/2016,1.82
39,DB01 ,3/17/2016,1.97
40,DB01 ,3/18/2016,2.05
41,DB01 ,3/19/2016,2.01
42,DB01 ,3/20/2016,2.02
43,DB01 ,3/21/2016,2.03
44,DB01 ,3/22/2016,2.21
45,DB01 ,3/23/2016,1.81
46,DB01 ,3/24/2016,2.08
47,DB01 ,3/25/2016,2.17
48,DB01 ,3/26/2016,2.13
49,DB01 ,3/27/2016,1.85
50,DB01 ,3/28/2016,1.89
51,DB01 ,3/29/2016,1.93
52,DB01 ,3/30/2016,2
53,DB01 ,3/31/2016,2.02
54,DB01 ,4/2/2016,1.31
55,DB01 ,4/3/2016,2.19
56,DB01 ,4/4/2016,1.67
57,DB01 ,4/5/2016,1.23
58,DB01 ,4/12/2016,1.19
59,DB01 ,4/13/2016,1.74
60,DB01 ,4/14/2016,1.07
61,DB01 ,4/15/2016,0.7
62,DB01 ,4/16/2016,0.34
63,DB01 ,4/17/2016,0.23
64,DB01 ,4/18/2016,0.21
65,DB01 ,4/19/2016,0.21
66,DB01 ,4/20/2016,0.08
67,DB01 ,4/25/2016,0.11
68,DB01 ,4/26/2016,0.2
69,DB01 ,4/27/2016,0.2
70,DB01 ,4/28/2016,0.19
71,DB01 ,4/29/2016,0.2
72,DB01 ,4/30/2016,0.17
73,DB01 ,5/2/2016,0.96
74,DB01 ,5/3/2016,2.13
75,DB01 ,5/4/2016,1.33
76,DB01 ,5/5/2016,1.05
77,DB01 ,5/12/2016,0.19
78,DB01 ,5/13/2016,0.59
79,DB01 ,5/14/2016,0.63
80,DB01 ,5/15/2016,0.63
81,DB01 ,5/16/2016,0.63
82,DB01 ,5/17/2016,0.61
83,DB01 ,5/18/2016,0.75
84,DB01 ,5/19/2016,0.67
85,DB01 ,5/20/2016,0.9
86,DB01 ,5/21/2016,0.91
87,DB01 ,5/22/2016,1.18
88,DB01 ,5/23/2016,0.95
89,DB01 ,5/24/2016,1.89
90,DB01 ,5/25/2016,1.4
91,DB01 ,5/26/2016,1.17
92,DB01 ,5/27/2016,0.85
93,DB01 ,5/28/2016,0.69
94,DB01 ,5/29/2016,0.73
95,DB01 ,5/30/2016,0.51
96,DB01 ,5/31/2016,0.92
97,DB01 ,6/2/2016,0.95
98,DB01 ,6/3/2016,2.03
99,DB01 ,6/4/2016,1.71
100,DB01 ,6/5/2016,1.22
101,DB01 ,7/2/2016,0.96
102,DB01 ,7/3/2016,2.07
103,DB01 ,7/4/2016,1.2
104,DB01 ,7/5/2016,1.4
105,DB01 ,7/11/2016,0.44
106,DB01 ,7/12/2016,1.21
107,DB01 ,8/2/2016,0.5
108,DB01 ,8/3/2016,2.11
109,DB01 ,8/4/2016,1.27
110,DB01 ,8/5/2016,1
111,DB01 ,8/11/2016,0.34
112,DB01 ,8/12/2016,0.11
113,DB01 ,9/2/2016,0.61
114,DB01 ,9/3/2016,2
115,DB01 ,9/4/2016,1.23
116,DB01 ,9/5/2016,1.43
117,DB01 ,9/11/2016,0.07
118,DB01 ,9/12/2016,1.21
119,DB01 ,10/2/2016,0.98
120,DB01 ,10/3/2016,2.03
121,DB01 ,10/4/2016,1.23
122,DB01 ,10/5/2016,1.57
123,DB01 ,10/12/2016,0.41
124,DB01 ,11/2/2016,0.96
125,DB01 ,11/3/2016,1.99
126,DB01 ,11/4/2016,1.28
127,DB01 ,11/5/2016,0.91
128,DB01 ,11/14/2016,1.31
129,DB01 ,11/15/2016,1.51
130,DB01 ,11/16/2016,1.18
131,DB01 ,11/17/2016,1.25
132,DB01 ,11/18/2016,1.37
133,DB01 ,11/19/2016,1.14
134,DB01 ,11/20/2016,1.16
135,DB01 ,11/21/2016,0.99
136,DB01 ,11/22/2016,0.92
137,DB01 ,11/30/2016,1.22
138,DB01 ,12/2/2016,0.97
139,DB01 ,12/3/2016,1.69
140,DB01 ,12/4/2016,1.38
141,DB01 ,12/5/2016,0.31
142,DB01 ,12/13/2016,0.45
143,DB01 ,12/14/2016,0.81
144,DB01 ,12/15/2016,0.19
145,DB01 ,1/2/2017,0.71
146,DB01 ,1/3/2017,1.47
147,DB01 ,1/4/2017,1.44
148,DB01 ,1/5/2017,1.28
149,DB01 ,1/6/2017,0.33
150,DB01 ,1/7/2017,0.05
151,DB01 ,1/10/2017,0.13
152,DB01 ,1/13/2017,0.85
153,DB01 ,1/14/2017,0.93
154,DB01 ,1/15/2017,0.84
155,DB01 ,1/16/2017,0.89
156,DB01 ,1/17/2017,1.33
157,DB01 ,1/18/2017,0.93
158,DB01 ,1/19/2017,0.69
159,DB01 ,1/20/2017,1.64
160,DB01 ,1/21/2017,0.83
161,DB01 ,1/22/2017,1.15
162,DB01 ,1/23/2017,0.82
163,DB01 ,1/24/2017,0.82
164,DB01 ,1/25/2017,1.09
165,DB01 ,1/26/2017,0.89
166,DB01 ,1/27/2017,0.79
167,DB01 ,1/28/2017,0.8
168,DB01 ,1/29/2017,0.93
169,DB01 ,1/30/2017,0.76
170,DB01 ,1/31/2017,0.72
171,DB01 ,2/2/2017,0.91
172,DB01 ,2/3/2017,1.49
173,DB01 ,2/4/2017,1.16
174,DB01 ,2/5/2017,1.1
175,DB01 ,2/6/2017,0.26
176,DB01 ,2/7/2017,0.04
177,DB01 ,2/9/2017,0.14
178,DB01 ,2/10/2017,0.16
179,DB01 ,2/11/2017,0.02
180,DB01 ,2/13/2017,0.89
181,DB01 ,2/14/2017,0.02
182,DB01 ,2/20/2017,0.5
183,DB01 ,2/21/2017,0.83
184,DB01 ,2/22/2017,1.54
185,DB01 ,2/23/2017,0.69
186,DB01 ,2/24/2017,0.8
187,DB01 ,2/25/2017,0.81
188,DB01 ,2/26/2017,0.88
189,DB01 ,2/27/2017,0.91
190,DB01 ,2/28/2017,1.14
191,DB01 ,3/2/2017,0.62
192,DB01 ,3/3/2017,1.95
193,DB01 ,3/4/2017,1.1
194,DB01 ,3/5/2017,1.21
195,DB01 ,3/6/2017,0.26
196,DB01 ,3/9/2017,0.2
197,DB01 ,3/10/2017,0.17
198,DB01 ,3/11/2017,0.06
199,DB01 ,3/17/2017,0.47
200,DB01 ,3/18/2017,0.71
201,DB01 ,3/19/2017,0.79
202,DB01 ,3/20/2017,1.57
203,DB01 ,3/21/2017,1.42
204,DB01 ,3/22/2017,0.87
205,DB01 ,3/23/2017,0.83
206,DB01 ,3/24/2017,1.42
207,DB01 ,3/25/2017,1.43
208,DB01 ,3/26/2017,1.61
209,DB01 ,3/28/2017,1.39
210,DB01 ,3/29/2017,1.71
211,DB01 ,3/30/2017,1.69
212,DB01 ,3/31/2017,1.58
213,DB01 ,4/2/2017,0.47
214,DB01 ,4/3/2017,1.72
215,DB01 ,4/4/2017,0.94
216,DB01 ,4/5/2017,1.13
217,DB01 ,4/6/2017,0.36
218,DB01 ,4/7/2017,0.07
219,DB01 ,4/9/2017,0.2
220,DB01 ,4/10/2017,0.15
221,DB01 ,4/11/2017,0.05
222,DB01 ,4/13/2017,0.9
223,DB01 ,4/14/2017,0.76
224,DB01 ,4/15/2017,1.12
225,DB01 ,4/16/2017,0.63
226,DB01 ,4/17/2017,1.51
227,DB01 ,4/18/2017,0.95
228,DB01 ,4/19/2017,0.6
229,DB01 ,4/20/2017,0.15
230,DB01 ,4/21/2017,0.15
231,DB01 ,4/22/2017,0.15
232,DB01 ,4/23/2017,0.16
233,DB01 ,4/24/2017,0.14
234,DB01 ,4/25/2017,-23.89
235,DB01 ,4/26/2017,24.55
236,DB01 ,4/27/2017,0.8
237,DB01 ,4/28/2017,1
238,DB01 ,4/29/2017,1.18
239,DB01 ,4/30/2017,1.45
240,DB01 ,5/2/2017,0.85
241,DB01 ,5/3/2017,1.79
242,DB01 ,5/4/2017,1.4
243,DB01 ,5/5/2017,0.68
244,DB01 ,5/6/2017,0.26
245,DB01 ,5/7/2017,0.07
246,DB01 ,5/9/2017,0.21
247,DB01 ,5/10/2017,0.14
248,DB01 ,5/11/2017,0.05
249,DB01 ,5/13/2017,0.14
250,DB01 ,5/14/2017,0.15
251,DB01 ,5/15/2017,0.15
252,DB01 ,5/16/2017,0.15
253,DB01 ,5/17/2017,0.16
254,DB01 ,5/18/2017,0.17
255,DB01 ,5/19/2017,0.14
256,DB01 ,5/20/2017,0.13
257,DB01 ,5/21/2017,0.15
258,DB01 ,5/22/2017,0.14
259,DB01 ,5/23/2017,0.13
260,DB01 ,5/24/2017,0.14
261,DB01 ,5/25/2017,0.13
262,DB01 ,5/26/2017,0.13
263,DB01 ,5/27/2017,0.15
264,DB01 ,5/28/2017,0.14
265,DB01 ,5/29/2017,0.15
266,DB01 ,5/30/2017,0.28
267,DB01 ,5/31/2017,0.56
268,DB01 ,6/1/2017,0.44
269,DB01 ,6/2/2017,0.85
270,DB01 ,6/3/2017,1.91
271,DB01 ,6/4/2017,1.28
272,DB01 ,6/5/2017,0.54
273,DB01 ,6/6/2017,0.4
274,DB01 ,6/7/2017,0.09
275,DB01 ,6/9/2017,0.2
276,DB01 ,6/10/2017,0.2
277,DB01 ,6/11/2017,0.04
278,DB01 ,6/13/2017,0.13
279,DB01 ,6/14/2017,0.09
280,DB01 ,6/15/2017,0.12
281,DB01 ,6/16/2017,0.13
282,DB01 ,6/17/2017,0.17
283,DB01 ,6/18/2017,0.05
284,DB01 ,6/28/2017,0.06
285,DB01 ,6/29/2017,0.08
286,DB01 ,6/30/2017,0.1
287,DB01 ,7/1/2017,0.77
288,DB01 ,7/2/2017,0.79
289,DB01 ,7/3/2017,0.74
290,DB01 ,7/4/2017,1.28
291,DB01 ,7/5/2017,0.64
292,DB01 ,7/6/2017,0.31
293,DB01 ,7/7/2017,0.07
294,DB01 ,7/9/2017,0.22
295,DB01 ,7/10/2017,0.05
296,DB01 ,7/11/2017,0.06
297,DB01 ,8/1/2017,0.73
298,DB01 ,8/2/2017,0.75
299,DB01 ,8/4/2017,1.04
300,DB01 ,8/5/2017,0.46
301,DB01 ,8/6/2017,0.35
302,DB01 ,8/7/2017,0.11
303,DB01 ,8/9/2017,0.21
304,DB01 ,8/11/2017,0.13
305,DB01 ,9/1/2017,0.86
306,DB01 ,9/2/2017,0.88
307,DB01 ,9/4/2017,0.51
308,DB01 ,9/5/2017,0.14
309,DB01 ,9/6/2017,0.31
310,DB01 ,9/7/2017,0.07
311,DB01 ,9/9/2017,0.2
312,DB01 ,9/11/2017,0.21
313,DB01 ,9/14/2017,0.09
314,DB01 ,9/15/2017,0.13
315,DB01 ,9/16/2017,0.15
316,DB01 ,9/17/2017,0.14
317,DB01 ,9/18/2017,0.07
318,DB01 ,9/20/2017,0.15
319,DB01 ,9/22/2017,0.18
320,DB01 ,9/23/2017,0.2
321,DB01 ,9/24/2017,0.15
322,DB01 ,9/25/2017,0.18
323,DB01 ,9/26/2017,0.15
324,DB01 ,9/27/2017,0.2
325,DB01 ,9/28/2017,0.22
326,DB01 ,9/29/2017,0.19
327,DB01 ,9/30/2017,0.14
328,DB01 ,10/1/2017,0.39
329,DB01 ,10/2/2017,0.91
330,DB01 ,10/4/2017,1.02
331,DB01 ,10/5/2017,0.15
332,DB01 ,10/6/2017,0.29
333,DB01 ,10/7/2017,0.08
334,DB01 ,10/9/2017,0.17
335,DB01 ,10/11/2017,0.24
336,DB01 ,10/12/2017,0.01
337,DB01 ,10/13/2017,0.02
338,DB01 ,10/17/2017,0.02
339,DB01 ,10/18/2017,0.05
340,DB01 ,10/19/2017,0.05
341,DB01 ,10/24/2017,0.01
342,DB01 ,10/25/2017,0.04
343,DB01 ,10/26/2017,0.04
344,DB01 ,10/27/2017,0.02
345,DB01 ,11/1/2017,0.47
346,DB01 ,11/2/2017,0.83
347,DB01 ,11/4/2017,0.94
348,DB01 ,11/5/2017,0.13
349,DB01 ,11/6/2017,0.14
350,DB01 ,11/7/2017,0.02
351,DB01 ,11/9/2017,0.16
352,DB01 ,11/10/2017,0.02
353,DB01 ,11/11/2017,0.17
354,DB01 ,11/12/2017,0.27
355,DB01 ,11/13/2017,0.16
356,DB01 ,11/14/2017,0.25
357,DB01 ,11/15/2017,0.28
358,DB01 ,11/16/2017,0.17
359,DB01 ,11/17/2017,0.01
360,DB01 ,12/1/2017,0.85
361,DB01 ,12/2/2017,0.83
362,DB01 ,12/4/2017,1.39
363,DB01 ,12/5/2017,0.14
364,DB01 ,12/6/2017,0.16
365,DB01 ,12/9/2017,0.01
366,DB01 ,12/10/2017,0.03
367,DB01 ,12/11/2017,0.19
368,DB01 ,12/12/2017,0.56
369,DB01 ,12/13/2017,0.38
370,DB01 ,12/15/2017,0.33
371,DB01 ,12/16/2017,0.68
372,DB01 ,12/17/2017,0.63
373,DB01 ,12/18/2017,0.64
374,DB01 ,12/19/2017,0.64
375,DB01 ,12/20/2017,0.6
376,DB01 ,12/21/2017,0.69
377,DB01 ,12/22/2017,0.78
378,DB01 ,12/23/2017,0.72
379,DB01 ,12/24/2017,0.63
380,DB01 ,12/25/2017,0.57
381,DB01 ,12/26/2017,0.45
382,DB01 ,4/1/2018,0.57
383,DB01 ,5/1/2018,0.5
384,DB01 ,6/1/2018,0.54
385,DB01 ,7/1/2018,0.24
386,DB02 ,1/2/2016,1.26
387,DB02 ,1/3/2016,1.33
388,DB02 ,1/4/2016,1.82
389,DB02 ,1/5/2016,2.04
390,DB02 ,1/6/2016,0.02
391,DB02 ,1/8/2016,0.35
392,DB02 ,1/12/2016,1.24
393,DB02 ,2/2/2016,1.17
394,DB02 ,2/3/2016,1.36
395,DB02 ,2/4/2016,1.71
396,DB02 ,2/5/2016,2.8
397,DB02 ,2/8/2016,0.04
398,DB02 ,2/12/2016,0.07
399,DB02 ,2/13/2016,1.21
400,DB02 ,2/14/2016,0.35
401,DB02 ,2/15/2016,0.73
402,DB02 ,2/16/2016,1.14
403,DB02 ,2/17/2016,0.98
404,DB02 ,2/18/2016,0.97
405,DB02 ,2/19/2016,1.17
406,DB02 ,2/20/2016,1.14
407,DB02 ,2/21/2016,1.21
408,DB02 ,2/22/2016,1.15
409,DB02 ,2/23/2016,1.08
410,DB02 ,2/24/2016,1.04
411,DB02 ,2/25/2016,1.17
412,DB02 ,2/26/2016,0.95
413,DB02 ,2/27/2016,0.99
414,DB02 ,2/28/2016,1.25
415,DB02 ,2/29/2016,1.36
416,DB02 ,3/2/2016,1.21
417,DB02 ,3/3/2016,1.26
418,DB02 ,3/4/2016,1.9
419,DB02 ,3/5/2016,2.37
420,DB02 ,3/12/2016,1.07
421,DB02 ,3/13/2016,1.03
422,DB02 ,3/14/2016,0.36
423,DB02 ,3/15/2016,0.05
424,DB02 ,3/16/2016,1.03
425,DB02 ,3/17/2016,1.17
426,DB02 ,3/18/2016,1.21
427,DB02 ,3/19/2016,1.38
428,DB02 ,3/20/2016,1.21
429,DB02 ,3/21/2016,1
430,DB02 ,3/22/2016,0.93
431,DB02 ,3/23/2016,0.99
432,DB02 ,3/24/2016,1.05
433,DB02 ,3/25/2016,1.42
434,DB02 ,3/26/2016,1.24
435,DB02 ,3/27/2016,1.63
436,DB02 ,3/28/2016,1.84
437,DB02 ,3/29/2016,2.49
438,DB02 ,3/30/2016,1.5
439,DB02 ,3/31/2016,1.91
440,DB02 ,4/2/2016,1.39
441,DB02 ,4/3/2016,1.21
442,DB02 ,4/4/2016,2.08
443,DB02 ,4/5/2016,1.98
444,DB02 ,4/12/2016,1.43
445,DB02 ,4/13/2016,2
446,DB02 ,4/14/2016,1.77
447,DB02 ,4/15/2016,1.86
448,DB02 ,4/16/2016,1.92
449,DB02 ,4/17/2016,2.12
450,DB02 ,4/18/2016,1.75
451,DB02 ,4/19/2016,0.54
452,DB02 ,4/25/2016,1.37
453,DB02 ,4/26/2016,1.63
454,DB02 ,4/27/2016,0.72
455,DB02 ,4/28/2016,1.45
456,DB02 ,4/29/2016,1.84
457,DB02 ,4/30/2016,2.05
458,DB02 ,5/2/2016,1.51
459,DB02 ,5/3/2016,0.96
460,DB02 ,5/4/2016,1.95
461,DB02 ,5/5/2016,2.38
462,DB02 ,5/12/2016,0.27
463,DB02 ,5/13/2016,1.22
464,DB02 ,5/14/2016,1.5
465,DB02 ,5/15/2016,1.98
466,DB02 ,5/16/2016,1.78
467,DB02 ,5/17/2016,1.95
468,DB02 ,5/18/2016,2.09
469,DB02 ,5/19/2016,1.89
470,DB02 ,5/20/2016,1.03
471,DB02 ,5/21/2016,1.54
472,DB02 ,5/22/2016,2.36
473,DB02 ,5/23/2016,2.51
474,DB02 ,5/24/2016,1.99
475,DB02 ,5/25/2016,0.99
476,DB02 ,5/27/2016,0.76
477,DB02 ,5/28/2016,2.19
478,DB02 ,5/29/2016,1.71
479,DB02 ,5/30/2016,1.04
480,DB02 ,5/31/2016,0.17
481,DB02 ,6/2/2016,1.51
482,DB02 ,6/3/2016,1.05
483,DB02 ,6/4/2016,1.77
484,DB02 ,6/5/2016,2.31
485,DB02 ,7/2/2016,0.45
486,DB02 ,7/3/2016,1.05
487,DB02 ,7/4/2016,1.89
488,DB02 ,7/5/2016,2.31
489,DB02 ,7/11/2016,1.08
490,DB02 ,7/12/2016,1.27
491,DB02 ,8/3/2016,1.29
492,DB02 ,8/4/2016,1.82
493,DB02 ,8/5/2016,1.94
494,DB02 ,8/11/2016,1.57
495,DB02 ,8/12/2016,0.09
496,DB02 ,9/3/2016,1.44
497,DB02 ,9/4/2016,1.79
498,DB02 ,9/5/2016,2.23
499,DB02 ,9/11/2016,0.32
500,DB02 ,9/12/2016,1.13
501,DB02 ,10/3/2016,1.54
502,DB02 ,10/4/2016,1.75
503,DB02 ,10/5/2016,1.82
504,DB02 ,10/12/2016,0.25
505,DB02 ,11/2/2016,0.86
506,DB02 ,11/3/2016,1.34
507,DB02 ,11/4/2016,1.78
508,DB02 ,11/5/2016,1.18
509,DB02 ,11/14/2016,1.51
510,DB02 ,11/15/2016,1.62
511,DB02 ,11/16/2016,1.65
512,DB02 ,11/17/2016,1.78
513,DB02 ,11/18/2016,1.64
514,DB02 ,11/19/2016,1.27
515,DB02 ,11/20/2016,1.22
516,DB02 ,11/21/2016,0.9
517,DB02 ,11/22/2016,1.01
518,DB02 ,11/30/2016,1.88
519,DB02 ,12/2/2016,1.13
520,DB02 ,12/3/2016,0.52
521,DB02 ,12/4/2016,0.98
522,DB02 ,12/5/2016,0.46
523,DB02 ,12/13/2016,1.27
524,DB02 ,12/14/2016,1.28
525,DB02 ,12/15/2016,0.34
526,DB02 ,1/2/2017,1.32
527,DB02 ,1/3/2017,1.23
528,DB02 ,1/4/2017,1.5
529,DB02 ,1/5/2017,1.44
530,DB02 ,1/6/2017,1.88
531,DB02 ,1/7/2017,0.39
532,DB02 ,1/9/2017,0.62
533,DB02 ,1/10/2017,1.3
534,DB02 ,1/11/2017,0.02
535,DB02 ,1/13/2017,1.5
536,DB02 ,1/14/2017,1.3
537,DB02 ,1/15/2017,1.42
538,DB02 ,1/16/2017,1.3
539,DB02 ,1/17/2017,1.38
540,DB02 ,1/18/2017,0.29
541,DB02 ,1/19/2017,0.5
542,DB02 ,1/20/2017,1.52
543,DB02 ,1/21/2017,1.49
544,DB02 ,1/22/2017,1.19
545,DB02 ,1/23/2017,1.36
546,DB02 ,1/24/2017,1.38
547,DB02 ,1/25/2017,1.21
548,DB02 ,1/26/2017,1.1
549,DB02 ,1/27/2017,1.06
550,DB02 ,1/28/2017,1.01
551,DB02 ,1/29/2017,0.91
552,DB02 ,1/30/2017,1.03
553,DB02 ,1/31/2017,1.08
554,DB02 ,2/2/2017,1.45
555,DB02 ,2/3/2017,1.41
556,DB02 ,2/4/2017,1.24
557,DB02 ,2/5/2017,1.57
558,DB02 ,2/6/2017,1.82
559,DB02 ,2/7/2017,0.32
560,DB02 ,2/8/2017,0.68
561,DB02 ,2/9/2017,0.94
562,DB02 ,2/10/2017,1.15
563,DB02 ,2/11/2017,0.12
564,DB02 ,2/13/2017,0.9
565,DB02 ,2/20/2017,0.9
566,DB02 ,2/21/2017,1.32
567,DB02 ,2/22/2017,1.13
568,DB02 ,2/23/2017,1.02
569,DB02 ,2/24/2017,1.13
570,DB02 ,2/25/2017,0.98
571,DB02 ,2/26/2017,1.1
572,DB02 ,2/27/2017,1.19
573,DB02 ,2/28/2017,1.23
574,DB02 ,3/2/2017,1.17
575,DB02 ,3/3/2017,1.24
576,DB02 ,3/4/2017,1.24
577,DB02 ,3/5/2017,1.28
578,DB02 ,3/6/2017,0.68
579,DB02 ,3/8/2017,1.43
580,DB02 ,3/9/2017,1.39
581,DB02 ,3/10/2017,1.28
582,DB02 ,3/11/2017,0.27
583,DB02 ,3/13/2017,0.7
584,DB02 ,3/14/2017,0.65
585,DB02 ,3/15/2017,0.97
586,DB02 ,3/16/2017,0.99
587,DB02 ,3/17/2017,1.12
588,DB02 ,3/18/2017,1.38
589,DB02 ,3/19/2017,1.14
590,DB02 ,3/20/2017,1.04
591,DB02 ,3/21/2017,0.52
592,DB02 ,3/22/2017,0.52
593,DB02 ,3/23/2017,0.79
594,DB02 ,3/24/2017,1.06
595,DB02 ,3/25/2017,1.29
596,DB02 ,3/26/2017,1.54
597,DB02 ,3/28/2017,1.55
598,DB02 ,3/29/2017,1.5
599,DB02 ,3/30/2017,1.48
600,DB02 ,3/31/2017,1.58
601,DB02 ,4/2/2017,1.2
602,DB02 ,4/3/2017,1.24
603,DB02 ,4/4/2017,0.96
604,DB02 ,4/5/2017,1.03
605,DB02 ,4/6/2017,1.02
606,DB02 ,4/7/2017,0.98
607,DB02 ,4/8/2017,0.42
608,DB02 ,4/9/2017,1.78
609,DB02 ,4/10/2017,1.27
610,DB02 ,4/13/2017,0.89
611,DB02 ,4/14/2017,1.75
612,DB02 ,4/15/2017,1.59
613,DB02 ,4/16/2017,1.21
614,DB02 ,4/17/2017,1.42
615,DB02 ,4/18/2017,1.93
616,DB02 ,4/19/2017,1.69
617,DB02 ,4/20/2017,1.59
618,DB02 ,4/21/2017,1.44
619,DB02 ,4/22/2017,1.43
620,DB02 ,4/23/2017,1.06
621,DB02 ,4/24/2017,0.84
622,DB02 ,4/25/2017,0.67
623,DB02 ,4/26/2017,0.94
624,DB02 ,4/27/2017,0.76
625,DB02 ,4/28/2017,1.81
626,DB02 ,4/29/2017,1.19
627,DB02 ,4/30/2017,1.1
628,DB02 ,5/2/2017,1.25
629,DB02 ,5/3/2017,1.34
630,DB02 ,5/4/2017,1
631,DB02 ,5/5/2017,1.06
632,DB02 ,5/6/2017,0.69
633,DB02 ,5/7/2017,0.62
634,DB02 ,5/8/2017,0.77
635,DB02 ,5/9/2017,1.97
636,DB02 ,5/10/2017,1.3
637,DB02 ,5/13/2017,1.48
638,DB02 ,5/14/2017,0.61
639,DB02 ,5/15/2017,1.04
640,DB02 ,5/16/2017,1.51
641,DB02 ,5/17/2017,1.23
642,DB02 ,5/18/2017,0.99
643,DB02 ,5/19/2017,1.23
644,DB02 ,5/20/2017,1.95
645,DB02 ,5/21/2017,1.73
646,DB02 ,5/22/2017,1.06
647,DB02 ,5/23/2017,1.74
648,DB02 ,5/24/2017,1.1
649,DB02 ,5/25/2017,1.78
650,DB02 ,5/26/2017,1.89
651,DB02 ,5/27/2017,1.88
652,DB02 ,5/28/2017,1.34
653,DB02 ,5/29/2017,1.53
654,DB02 ,5/30/2017,1.4
655,DB02 ,5/31/2017,1.81
656,DB02 ,6/1/2017,0.42
657,DB02 ,6/2/2017,1.43
658,DB02 ,6/3/2017,1.51
659,DB02 ,6/4/2017,1.23
660,DB02 ,6/5/2017,1.66
661,DB02 ,6/6/2017,0.6
662,DB02 ,6/7/2017,0.98
663,DB02 ,6/9/2017,0.97
664,DB02 ,6/10/2017,1.23
665,DB02 ,6/13/2017,1.58
666,DB02 ,6/14/2017,1.24
667,DB02 ,6/15/2017,1.41
668,DB02 ,6/16/2017,1.22
669,DB02 ,6/17/2017,0.66
670,DB02 ,6/18/2017,0.87
671,DB02 ,6/28/2017,0.63
672,DB02 ,6/29/2017,0.76
673,DB02 ,6/30/2017,1.01
674,DB02 ,7/1/2017,0.66
675,DB02 ,7/2/2017,1.27
676,DB02 ,7/3/2017,1.19
677,DB02 ,7/4/2017,1.4
678,DB02 ,7/5/2017,1.53
679,DB02 ,7/6/2017,0.96
680,DB02 ,7/7/2017,0.69
681,DB02 ,7/9/2017,1.98
682,DB02 ,7/10/2017,1.18
683,DB02 ,7/19/2017,0.52
684,DB02 ,7/20/2017,0.84
685,DB02 ,7/21/2017,2.02
686,DB02 ,7/22/2017,0.46
687,DB02 ,8/1/2017,0.91
688,DB02 ,8/2/2017,1.07
689,DB02 ,8/3/2017,1.12
690,DB02 ,8/4/2017,1.48
691,DB02 ,8/5/2017,1.33
692,DB02 ,8/6/2017,0.98
693,DB02 ,8/7/2017,0.81
694,DB02 ,8/9/2017,2.21
695,DB02 ,8/10/2017,0.89
696,DB02 ,8/11/2017,0.73
697,DB02 ,8/14/2017,0.04
698,DB02 ,8/18/2017,0.02
699,DB02 ,8/24/2017,0.1
700,DB02 ,8/30/2017,0.82
701,DB02 ,8/31/2017,0.18
702,DB02 ,9/1/2017,1.14
703,DB02 ,9/2/2017,1.43
704,DB02 ,9/3/2017,0.86
705,DB02 ,9/4/2017,1.33
706,DB02 ,9/5/2017,2.2
707,DB02 ,9/6/2017,1.1
708,DB02 ,9/7/2017,0.95
709,DB02 ,9/9/2017,1.55
710,DB02 ,9/10/2017,0.75
711,DB02 ,9/11/2017,0.55
712,DB02 ,9/14/2017,0.26
713,DB02 ,9/15/2017,0.69
714,DB02 ,9/16/2017,0.82
715,DB02 ,9/17/2017,1.01
716,DB02 ,9/18/2017,0.56
717,DB02 ,9/20/2017,0.77
718,DB02 ,9/22/2017,1
719,DB02 ,9/23/2017,1.39
720,DB02 ,9/24/2017,1.38
721,DB02 ,9/25/2017,1.5
722,DB02 ,9/26/2017,1.44
723,DB02 ,9/27/2017,1.48
724,DB02 ,9/28/2017,1.25
725,DB02 ,9/29/2017,1.67
726,DB02 ,9/30/2017,0.85
727,DB02 ,10/1/2017,0.37
728,DB02 ,10/2/2017,1.15
729,DB02 ,10/3/2017,0.67
730,DB02 ,10/4/2017,1.25
731,DB02 ,10/5/2017,1.38
732,DB02 ,10/6/2017,1.42
733,DB02 ,10/7/2017,0.64
734,DB02 ,10/9/2017,1.63
735,DB02 ,10/10/2017,1.06
736,DB02 ,10/11/2017,0.68
737,DB02 ,10/24/2017,0.09
738,DB02 ,10/25/2017,0.07
739,DB02 ,10/30/2017,0.24
740,DB02 ,10/31/2017,0.11
741,DB02 ,11/1/2017,0.86
742,DB02 ,11/2/2017,1.2
743,DB02 ,11/3/2017,0.65
744,DB02 ,11/4/2017,0.91
745,DB02 ,11/5/2017,1.86
746,DB02 ,11/6/2017,1.14
747,DB02 ,11/7/2017,0.35
748,DB02 ,11/9/2017,1.06
749,DB02 ,11/10/2017,0.94
750,DB02 ,11/11/2017,0.8
751,DB02 ,11/13/2017,0.45
752,DB02 ,11/14/2017,0.71
753,DB02 ,11/15/2017,0.71
754,DB02 ,11/16/2017,0.63
755,DB02 ,11/17/2017,0.02
756,DB02 ,12/1/2017,1.54
757,DB02 ,12/2/2017,1.21
758,DB02 ,12/3/2017,0.77
759,DB02 ,12/4/2017,1.21
760,DB02 ,12/5/2017,1.56
761,DB02 ,12/6/2017,0.68
762,DB02 ,12/9/2017,0.15
763,DB02 ,12/10/2017,1.13
764,DB02 ,12/11/2017,0.68
765,DB03 ,1/2/2016,1.34
766,DB03 ,1/3/2016,1.53
767,DB03 ,1/4/2016,2.17
768,DB03 ,1/5/2016,4.34
769,DB03 ,1/6/2016,1.92
770,DB03 ,1/8/2016,0.26
771,DB03 ,1/12/2016,1.14
772,DB03 ,2/2/2016,1.2
773,DB03 ,2/3/2016,1.53
774,DB03 ,2/4/2016,1.95
775,DB03 ,2/5/2016,6.14
776,DB03 ,2/8/2016,0.1
777,DB03 ,2/12/2016,0.04
778,DB03 ,2/13/2016,1.08
779,DB03 ,2/14/2016,0.31
780,DB03 ,2/15/2016,0.86
781,DB03 ,2/16/2016,0.89
782,DB03 ,2/17/2016,0.89
783,DB03 ,2/18/2016,1.07
784,DB03 ,2/19/2016,1.14
785,DB03 ,2/20/2016,1.13
786,DB03 ,2/21/2016,1.25
787,DB03 ,2/22/2016,1.18
788,DB03 ,2/23/2016,0.86
789,DB03 ,2/24/2016,0.76
790,DB03 ,2/25/2016,0.73
791,DB03 ,2/26/2016,0.62
792,DB03 ,2/27/2016,0.99
793,DB03 ,2/28/2016,1.25
794,DB03 ,2/29/2016,0.98
795,DB03 ,3/2/2016,1.3
796,DB03 ,3/3/2016,0.28
797,DB03 ,3/4/2016,2.97
798,DB03 ,3/5/2016,4.97
799,DB03 ,3/12/2016,0.13
800,DB03 ,3/13/2016,1.49
801,DB03 ,3/14/2016,1.44
802,DB03 ,3/15/2016,1.39
803,DB03 ,3/16/2016,1.39
804,DB03 ,3/17/2016,1.08
805,DB03 ,3/18/2016,1.21
806,DB03 ,3/19/2016,1.42
807,DB03 ,3/20/2016,1.44
808,DB03 ,3/21/2016,1.16
809,DB03 ,3/22/2016,1.22
810,DB03 ,3/23/2016,1.71
811,DB03 ,3/24/2016,1.06
812,DB03 ,3/25/2016,1.54
813,DB03 ,3/26/2016,1.49
814,DB03 ,3/27/2016,1.81
815,DB03 ,3/28/2016,1.8
816,DB03 ,3/29/2016,1.77
817,DB03 ,3/30/2016,1.52
818,DB03 ,3/31/2016,1.77
819,DB03 ,4/2/2016,1.01
820,DB03 ,4/3/2016,0.75
821,DB03 ,4/4/2016,2.23
822,DB03 ,4/5/2016,5.14
823,DB03 ,4/13/2016,2.86
824,DB03 ,4/14/2016,2.42
825,DB03 ,4/15/2016,2.2
826,DB03 ,4/16/2016,1.8
827,DB03 ,4/17/2016,2.14
828,DB03 ,4/18/2016,2.13
829,DB03 ,4/19/2016,2.19
830,DB03 ,4/20/2016,0.92
831,DB03 ,4/25/2016,1.56
832,DB03 ,4/26/2016,2.18
833,DB03 ,4/27/2016,2.85
834,DB03 ,4/28/2016,3.82
835,DB03 ,4/29/2016,3.8
836,DB03 ,4/30/2016,4.66
837,DB03 ,5/2/2016,1.22
838,DB03 ,5/3/2016,0.92
839,DB03 ,5/4/2016,1.87
840,DB03 ,5/5/2016,5.52
841,DB03 ,5/13/2016,4.72
842,DB03 ,5/14/2016,5.73
843,DB03 ,5/15/2016,4.87
844,DB03 ,5/16/2016,5.21
845,DB03 ,5/17/2016,5.2
846,DB03 ,5/18/2016,5.3
847,DB03 ,5/19/2016,4.3
848,DB03 ,5/20/2016,2.39
849,DB03 ,5/21/2016,2.65
850,DB03 ,5/22/2016,4.44
851,DB03 ,5/23/2016,4.1
852,DB03 ,5/24/2016,5.64
853,DB03 ,5/25/2016,5.14
854,DB03 ,5/26/2016,5.07
855,DB03 ,5/27/2016,5.19
856,DB03 ,5/28/2016,4.86
857,DB03 ,5/29/2016,5.08
858,DB03 ,5/30/2016,4.32
859,DB03 ,5/31/2016,3.96
860,DB03 ,6/2/2016,1.31
861,DB03 ,6/3/2016,0.9
862,DB03 ,6/4/2016,1.77
863,DB03 ,6/5/2016,5.25
864,DB03 ,7/2/2016,1.17
865,DB03 ,7/3/2016,0.97
866,DB03 ,7/4/2016,1.75
867,DB03 ,7/5/2016,5.24
868,DB03 ,7/11/2016,0.09
869,DB03 ,8/2/2016,0.39
870,DB03 ,8/3/2016,1.1
871,DB03 ,8/4/2016,1.8
872,DB03 ,8/5/2016,4.91
873,DB03 ,8/11/2016,0.12
874,DB03 ,9/2/2016,0.99
875,DB03 ,9/3/2016,0.94
876,DB03 ,9/4/2016,1.62
877,DB03 ,9/5/2016,4.21
878,DB03 ,10/2/2016,1.11
879,DB03 ,10/3/2016,1.27
880,DB03 ,10/4/2016,1.58
881,DB03 ,10/5/2016,4.54
882,DB03 ,11/2/2016,0.98
883,DB03 ,11/3/2016,1
884,DB03 ,11/4/2016,2.71
885,DB03 ,11/5/2016,3.99
886,DB03 ,11/16/2016,0.8
887,DB03 ,11/17/2016,1.95
888,DB03 ,11/18/2016,1.7
889,DB03 ,11/19/2016,1.21
890,DB03 ,11/20/2016,1.31
891,DB03 ,11/21/2016,1.3
892,DB03 ,11/22/2016,1.75
893,DB03 ,11/30/2016,1.67
894,DB03 ,12/2/2016,0.86
895,DB03 ,12/3/2016,1.05
896,DB03 ,12/4/2016,2.33
897,DB03 ,12/5/2016,2.74
898,DB03 ,1/6/2017,3.79
899,DB03 ,1/9/2017,1.82
900,DB03 ,1/10/2017,3.01
901,DB03 ,2/6/2017,3.55
902,DB03 ,2/9/2017,2.01
903,DB03 ,2/10/2017,0.75
904,DB03 ,2/11/2017,0.19
905,DB03 ,3/6/2017,2.68
906,DB03 ,3/8/2017,0.1
907,DB03 ,3/9/2017,4.94
908,DB03 ,3/11/2017,0.02
909,DB03 ,3/20/2017,180.13
910,DB03 ,3/21/2017,2.83
911,DB03 ,3/22/2017,2.06
912,DB03 ,3/23/2017,3.33
913,DB03 ,3/24/2017,3.13
914,DB03 ,3/25/2017,3.8
915,DB03 ,3/26/2017,3.52
916,DB03 ,3/28/2017,4.92
917,DB03 ,3/29/2017,4.95
918,DB03 ,3/30/2017,3.15
919,DB03 ,4/6/2017,4.76
920,DB03 ,4/9/2017,4.35
921,DB03 ,4/18/2017,0.43
922,DB03 ,4/19/2017,3.75
923,DB03 ,4/20/2017,4.55
924,DB03 ,4/21/2017,0.78
925,DB03 ,4/25/2017,1.41
926,DB03 ,4/26/2017,4.46
927,DB03 ,4/27/2017,4.26
928,DB03 ,4/28/2017,4.88
929,DB03 ,4/29/2017,4.32
930,DB03 ,4/30/2017,3.6
931,DB03 ,5/4/2017,1.99
932,DB03 ,5/6/2017,5.42
933,DB03 ,5/9/2017,4.39
934,DB03 ,5/15/2017,1.51
935,DB03 ,5/16/2017,4.34
936,DB03 ,5/17/2017,4.66
937,DB03 ,5/18/2017,4.33
938,DB03 ,5/19/2017,0.78
939,DB03 ,5/20/2017,2.36
940,DB03 ,5/21/2017,5.7
941,DB03 ,5/22/2017,4.71
942,DB03 ,5/23/2017,4.75
943,DB03 ,5/24/2017,3.78
944,DB03 ,5/25/2017,5.05
945,DB03 ,5/26/2017,5.15
946,DB03 ,5/27/2017,5.32
947,DB03 ,5/28/2017,5.26
948,DB03 ,5/29/2017,5.08
949,DB03 ,5/30/2017,5.37
950,DB03 ,5/31/2017,4.98
951,DB03 ,6/4/2017,3.22
952,DB03 ,6/6/2017,3.45
953,DB03 ,6/9/2017,3.08
954,DB03 ,6/13/2017,5.94
955,DB03 ,6/14/2017,5.42
956,DB03 ,6/15/2017,4.89
957,DB03 ,6/16/2017,4.45
958,DB03 ,6/17/2017,4.76
959,DB03 ,6/18/2017,3.62
960,DB03 ,6/28/2017,1.62
961,DB03 ,6/29/2017,2.15
962,DB03 ,6/30/2017,0.57
963,DB03 ,7/4/2017,2.5
964,DB03 ,7/6/2017,4.7
965,DB03 ,7/9/2017,3.28
966,DB03 ,8/4/2017,1.27
967,DB03 ,8/6/2017,1.16
968,DB03 ,8/9/2017,4.83
969,DB03 ,8/14/2017,0.09
970,DB03 ,8/24/2017,0.89
971,DB03 ,8/30/2017,2.87
972,DB03 ,8/31/2017,0.79
973,DB03 ,9/6/2017,3
974,DB03 ,9/9/2017,4.01
975,DB03 ,9/14/2017,2.17
976,DB03 ,9/15/2017,4.39
977,DB03 ,9/16/2017,3.74
978,DB03 ,9/17/2017,2.26
979,DB03 ,9/18/2017,0.93
980,DB03 ,9/20/2017,1.8
981,DB03 ,9/22/2017,2.88
982,DB03 ,9/23/2017,3.14
983,DB03 ,9/24/2017,2.85
984,DB03 ,9/25/2017,3.33
985,DB03 ,9/26/2017,3.77
986,DB03 ,9/27/2017,4.37
987,DB03 ,9/28/2017,1.18
988,DB03 ,9/30/2017,3.6
989,DB03 ,10/6/2017,4.44
990,DB03 ,10/9/2017,4.02
991,DB03 ,11/6/2017,4.82
992,DB03 ,11/9/2017,3.23
993,DB03 ,12/6/2017,4.84
994,DB03 ,12/9/2017,0.09
995,DB04 ,1/2/2016,1.76
996,DB04 ,1/3/2016,3.66
997,DB04 ,1/4/2016,3.06
998,DB04 ,1/5/2016,3.33
999,DB04 ,1/6/2016,2.52
1000,DB04 ,1/12/2016,0.8
1001,DB04 ,2/2/2016,2.18
1002,DB04 ,2/3/2016,3.66
1003,DB04 ,2/4/2016,3.09
1004,DB04 ,2/5/2016,4.1
1005,DB04 ,2/12/2016,0.05
1006,DB04 ,2/13/2016,1.17
1007,DB04 ,2/14/2016,0.14
1008,DB04 ,2/15/2016,0.04
1009,DB04 ,2/16/2016,0.9
1010,DB04 ,2/17/2016,1.43
1011,DB04 ,2/18/2016,0.92
1012,DB04 ,2/19/2016,1.07
1013,DB04 ,2/20/2016,1.38
1014,DB04 ,2/21/2016,1.44
1015,DB04 ,2/22/2016,2.12
1016,DB04 ,2/23/2016,2.21
1017,DB04 ,2/24/2016,2.89
1018,DB04 ,2/25/2016,2.14
1019,DB04 ,2/26/2016,1.77
1020,DB04 ,2/27/2016,2.03
1021,DB04 ,2/28/2016,2.6
1022,DB04 ,2/29/2016,3.26
1023,DB04 ,3/2/2016,1.24
1024,DB04 ,3/3/2016,3.87
1025,DB04 ,3/4/2016,3.39
1026,DB04 ,3/5/2016,0.74
1027,DB04 ,3/12/2016,0.68
1028,DB04 ,3/13/2016,2.99
1029,DB04 ,3/14/2016,2.64
1030,DB04 ,3/15/2016,2.79
1031,DB04 ,3/16/2016,2.83
1032,DB04 ,3/17/2016,2.86
1033,DB04 ,3/18/2016,2.99
1034,DB04 ,3/19/2016,2.57
1035,DB04 ,3/20/2016,2.61
1036,DB04 ,3/21/2016,2.13
1037,DB04 ,3/22/2016,2.5
1038,DB04 ,3/23/2016,2.03
1039,DB04 ,3/24/2016,1.64
1040,DB04 ,3/25/2016,2.54
1041,DB04 ,3/26/2016,3.38
1042,DB04 ,3/27/2016,3.44
1043,DB04 ,3/28/2016,3.38
1044,DB04 ,3/29/2016,2.83
1045,DB04 ,3/30/2016,2.97
1046,DB04 ,3/31/2016,3.29
1047,DB04 ,4/2/2016,1.18
1048,DB04 ,4/3/2016,3.53
1049,DB04 ,4/4/2016,3.85
1050,DB04 ,4/5/2016,5.06
1051,DB04 ,4/12/2016,0.96
1052,DB04 ,4/13/2016,2.38
1053,DB04 ,4/14/2016,4.37
1054,DB04 ,4/15/2016,3.46
1055,DB04 ,4/16/2016,3.08
1056,DB04 ,4/17/2016,3.83
1057,DB04 ,4/18/2016,3.5
1058,DB04 ,4/19/2016,3.11
1059,DB04 ,4/20/2016,1.28
1060,DB04 ,4/25/2016,1.77
1061,DB04 ,4/26/2016,4.04
1062,DB04 ,4/27/2016,4.51
1063,DB04 ,4/28/2016,4.11
1064,DB04 ,4/29/2016,3.62
1065,DB04 ,4/30/2016,3.15
1066,DB04 ,5/2/2016,1.24
1067,DB04 ,5/3/2016,3.48
1068,DB04 ,5/4/2016,2.85
1069,DB04 ,5/5/2016,1.72
1070,DB04 ,5/12/2016,0.08
1071,DB04 ,5/13/2016,1.68
1072,DB04 ,5/14/2016,2.96
1073,DB04 ,5/15/2016,4.71
1074,DB04 ,5/16/2016,3.15
1075,DB04 ,5/17/2016,3.01
1076,DB04 ,5/18/2016,3.94
1077,DB04 ,5/19/2016,3.08
1078,DB04 ,5/20/2016,1.48
1079,DB04 ,5/21/2016,3.21
1080,DB04 ,5/22/2016,3.05
1081,DB04 ,5/23/2016,2.93
1082,DB04 ,5/24/2016,4.62
1083,DB04 ,5/25/2016,3.02
1084,DB04 ,5/26/2016,3.38
1085,DB04 ,5/27/2016,1.53
1086,DB04 ,5/28/2016,3.86
1087,DB04 ,5/29/2016,3.87
1088,DB04 ,5/30/2016,4.37
1089,DB04 ,5/31/2016,3.84
1090,DB04 ,6/2/2016,1.45
1091,DB04 ,6/3/2016,3.7
1092,DB04 ,6/4/2016,2.64
1093,DB04 ,6/5/2016,2.19
1094,DB04 ,7/2/2016,1.38
1095,DB04 ,7/3/2016,3.07
1096,DB04 ,7/4/2016,3.25
1097,DB04 ,7/5/2016,2.69
1098,DB04 ,7/12/2016,0.67
1099,DB04 ,8/2/2016,0.3
1100,DB04 ,8/3/2016,2.83
1101,DB04 ,8/4/2016,2.95
1102,DB04 ,8/5/2016,3.05
1103,DB04 ,8/12/2016,0.02
1104,DB04 ,9/2/2016,0.85
1105,DB04 ,9/3/2016,3.26
1106,DB04 ,9/4/2016,2.67
1107,DB04 ,9/5/2016,2.23
1108,DB04 ,9/12/2016,0.77
1109,DB04 ,10/2/2016,1.29
1110,DB04 ,10/3/2016,2.9
1111,DB04 ,10/4/2016,2.9
1112,DB04 ,10/5/2016,3.04
1113,DB04 ,10/12/2016,0.1
1114,DB04 ,11/2/2016,1.25
1115,DB04 ,11/3/2016,2.55
1116,DB04 ,11/4/2016,3.39
1117,DB04 ,11/5/2016,2.4
1118,DB04 ,11/14/2016,0.74
1119,DB04 ,11/15/2016,0.7
1120,DB04 ,11/16/2016,0.71
1121,DB04 ,11/17/2016,0.83
1122,DB04 ,11/18/2016,0.87
1123,DB04 ,11/19/2016,0.74
1124,DB04 ,11/20/2016,0.62
1125,DB04 ,11/21/2016,0.76
1126,DB04 ,11/22/2016,0.76
1127,DB04 ,11/30/2016,0.61
1128,DB04 ,12/2/2016,1.22
1129,DB04 ,12/3/2016,3.26
1130,DB04 ,12/4/2016,2.34
1131,DB04 ,12/5/2016,1.82
1132,DB04 ,12/13/2016,1.43
1133,DB04 ,12/14/2016,0.91
1134,DB04 ,12/15/2016,0.14
1135,DB04 ,1/4/2017,1.2
1136,DB04 ,1/5/2017,3.05
1137,DB04 ,1/6/2017,4.27
1138,DB04 ,1/13/2017,0.89
1139,DB04 ,1/14/2017,0.98
1140,DB04 ,1/15/2017,1.31
1141,DB04 ,1/16/2017,0.75
1142,DB04 ,1/17/2017,0.81
1143,DB04 ,1/18/2017,0.23
1144,DB04 ,1/19/2017,0.54
1145,DB04 ,1/20/2017,1.21
1146,DB04 ,1/21/2017,1.15
1147,DB04 ,1/22/2017,1.09
1148,DB04 ,1/23/2017,0.47
1149,DB04 ,2/4/2017,1.31
1150,DB04 ,2/5/2017,3.58
1151,DB04 ,2/6/2017,3.89
1152,DB04 ,3/4/2017,3.73
1153,DB04 ,3/5/2017,2.58
1154,DB04 ,3/6/2017,2.85
1155,DB04 ,3/19/2017,1.65
1156,DB04 ,3/20/2017,2.07
1157,DB04 ,3/21/2017,1.88
1158,DB04 ,3/22/2017,0.53
1159,DB04 ,3/23/2017,1.23
1160,DB04 ,3/24/2017,2.36
1161,DB04 ,3/25/2017,3.56
1162,DB04 ,3/26/2017,3.37
1163,DB04 ,3/28/2017,4.38
1164,DB04 ,3/29/2017,5.02
1165,DB04 ,3/30/2017,3.34
1166,DB04 ,3/31/2017,0.46
1167,DB04 ,4/4/2017,4.45
1168,DB04 ,4/5/2017,3.79
1169,DB04 ,4/6/2017,1.15
1170,DB04 ,4/18/2017,2.97
1171,DB04 ,4/19/2017,5.27
1172,DB04 ,4/20/2017,4.03
1173,DB04 ,4/21/2017,0.91
1174,DB04 ,4/23/2017,4.58
1175,DB04 ,4/24/2017,1.37
1176,DB04 ,4/25/2017,2.16
1177,DB04 ,4/26/2017,2.63
1178,DB04 ,4/27/2017,3.19
1179,DB04 ,4/28/2017,3.04
1180,DB04 ,4/29/2017,3.21
1181,DB04 ,4/30/2017,3.88
1182,DB04 ,5/1/2017,0.03
1183,DB04 ,5/4/2017,2.54
1184,DB04 ,5/5/2017,4.24
1185,DB04 ,5/13/2017,4.97
1186,DB04 ,5/14/2017,5.04
1187,DB04 ,5/15/2017,4.7
1188,DB04 ,5/16/2017,4.45
1189,DB04 ,5/17/2017,4.67
1190,DB04 ,5/18/2017,4.99
1191,DB04 ,5/19/2017,5.01
1192,DB04 ,5/20/2017,3.94
1193,DB04 ,5/21/2017,4.22
1194,DB04 ,5/22/2017,2.64
1195,DB04 ,5/23/2017,3.36
1196,DB04 ,5/24/2017,4.69
1197,DB04 ,5/25/2017,5.45
1198,DB04 ,5/26/2017,3.63
1199,DB04 ,5/27/2017,2.08
1200,DB04 ,5/28/2017,3.92
1201,DB04 ,5/29/2017,3.7
1202,DB04 ,5/30/2017,2.85
1203,DB04 ,5/31/2017,4.08
1204,DB04 ,6/1/2017,0.67
1205,DB04 ,6/4/2017,1.87
1206,DB04 ,6/5/2017,3.88
1207,DB04 ,7/1/2017,0.88
1208,DB04 ,7/5/2017,3.5
1209,DB04 ,8/1/2017,0.91
1210,DB04 ,8/5/2017,2.66
1211,DB04 ,9/1/2017,1.12
1212,DB04 ,9/5/2017,2.93
1213,DB04 ,10/1/2017,0.23
1214,DB04 ,10/5/2017,4.17
1215,DB04 ,11/1/2017,0.59
1216,DB04 ,11/5/2017,4.13
1217,DB04 ,12/1/2017,0.8
1218,DB04 ,12/5/2017,3.2
1219,DB05 ,1/2/2016,1.03
1220,DB05 ,1/3/2016,1.41
1221,DB05 ,1/4/2016,1.54
1222,DB05 ,1/5/2016,1.33
1223,DB05 ,1/6/2016,0.38
1224,DB05 ,2/2/2016,1.76
1225,DB05 ,2/3/2016,1.39
1226,DB05 ,2/4/2016,1.46
1227,DB05 ,2/5/2016,1.12
1228,DB05 ,2/13/2016,1.64
1229,DB05 ,2/14/2016,0.64
1230,DB05 ,2/15/2016,0.05
1231,DB05 ,2/16/2016,1.25
1232,DB05 ,2/17/2016,1.48
1233,DB05 ,2/18/2016,1.35
1234,DB05 ,2/19/2016,2.66
1235,DB05 ,2/20/2016,2.04
1236,DB05 ,2/21/2016,1.37
1237,DB05 ,2/22/2016,1.5
1238,DB05 ,2/23/2016,1.38
1239,DB05 ,2/24/2016,1.39
1240,DB05 ,2/25/2016,1.42
1241,DB05 ,2/26/2016,1.4
1242,DB05 ,2/27/2016,1.4
1243,DB05 ,2/28/2016,1.46
1244,DB05 ,2/29/2016,1.42
1245,DB05 ,3/2/2016,1.57
1246,DB05 ,3/3/2016,1.6
1247,DB05 ,3/4/2016,1.46
1248,DB05 ,3/5/2016,0.48
1249,DB05 ,3/13/2016,1.47
1250,DB05 ,3/14/2016,1.52
1251,DB05 ,3/15/2016,1.44
1252,DB05 ,3/16/2016,1.53
1253,DB05 ,3/17/2016,1.47
1254,DB05 ,3/18/2016,1.51
1255,DB05 ,3/19/2016,1.57
1256,DB05 ,3/20/2016,1.51
1257,DB05 ,3/21/2016,1.52
1258,DB05 ,3/22/2016,1.5
1259,DB05 ,3/23/2016,1.43
1260,DB05 ,3/24/2016,1.42
1261,DB05 ,3/25/2016,1.51
1262,DB05 ,3/26/2016,1.54
1263,DB05 ,3/27/2016,1.51
1264,DB05 ,3/28/2016,1.49
1265,DB05 ,3/29/2016,1.39
1266,DB05 ,3/30/2016,1.49
1267,DB05 ,3/31/2016,1.5
1268,DB05 ,4/2/2016,2.07
1269,DB05 ,4/3/2016,1.65
1270,DB05 ,4/4/2016,1.46
1271,DB05 ,4/13/2016,1.41
1272,DB05 ,4/14/2016,1.79
1273,DB05 ,4/15/2016,1.49
1274,DB05 ,4/16/2016,1.16
1275,DB05 ,4/17/2016,1.43
1276,DB05 ,4/18/2016,1.3
1277,DB05 ,4/19/2016,1.32
1278,DB05 ,4/20/2016,0.47
1279,DB05 ,4/25/2016,0.65
1280,DB05 ,4/26/2016,1.2
1281,DB05 ,4/27/2016,1.17
1282,DB05 ,4/28/2016,1.22
1283,DB05 ,4/29/2016,1.25
1284,DB05 ,4/30/2016,1.21
1285,DB05 ,5/2/2016,2.25
1286,DB05 ,5/3/2016,1.56
1287,DB05 ,5/4/2016,1.4
1288,DB05 ,5/5/2016,2.84
1289,DB05 ,5/13/2016,0.74
1290,DB05 ,5/14/2016,1.3
1291,DB05 ,5/15/2016,1.14
1292,DB05 ,5/16/2016,1.2
1293,DB05 ,5/17/2016,1.26
1294,DB05 ,5/18/2016,1.22
1295,DB05 ,5/19/2016,1.24
1296,DB05 ,5/20/2016,1.11
1297,DB05 ,5/21/2016,1.29
1298,DB05 ,5/22/2016,1.11
1299,DB05 ,5/23/2016,0.99
1300,DB05 ,5/24/2016,1.06
1301,DB05 ,5/25/2016,0.78
1302,DB05 ,5/26/2016,0.69
1303,DB05 ,5/27/2016,0.7
1304,DB05 ,5/28/2016,0.97
1305,DB05 ,5/29/2016,0.62
1306,DB05 ,5/30/2016,0.85
1307,DB05 ,5/31/2016,0.74
1308,DB05 ,6/2/2016,2.65
1309,DB05 ,6/3/2016,1.28
1310,DB05 ,6/4/2016,1.43
1311,DB05 ,6/5/2016,0.67
1312,DB05 ,7/2/2016,2.28
1313,DB05 ,7/3/2016,1.33
1314,DB05 ,7/4/2016,1.43
1315,DB05 ,7/5/2016,1.21
1316,DB05 ,8/2/2016,0.64
1317,DB05 ,8/3/2016,1.59
1318,DB05 ,8/4/2016,1.52
1319,DB05 ,8/5/2016,1.18
1320,DB05 ,9/2/2016,1.54
1321,DB05 ,9/3/2016,1.58
1322,DB05 ,9/4/2016,1.5
1323,DB05 ,9/5/2016,1.17
1324,DB05 ,10/2/2016,2.2
1325,DB05 ,10/3/2016,1.61
1326,DB05 ,10/4/2016,1.53
1327,DB05 ,10/5/2016,1.27
1328,DB05 ,11/2/2016,2.66
1329,DB05 ,11/3/2016,1.48
1330,DB05 ,11/4/2016,2.36
1331,DB05 ,11/5/2016,1.17
1332,DB05 ,12/2/2016,1.96
1333,DB05 ,12/3/2016,1.54
1334,DB05 ,12/4/2016,1.57
1335,DB05 ,1/4/2017,0.23
1336,DB05 ,1/5/2017,1.5
1337,DB05 ,1/6/2017,1.5
1338,DB05 ,2/4/2017,0.13
1339,DB05 ,2/5/2017,2.1
1340,DB05 ,2/6/2017,1.62
1341,DB05 ,3/4/2017,1.02
1342,DB05 ,3/5/2017,1.61
1343,DB05 ,3/6/2017,1.7
1344,DB05 ,3/19/2017,0.77
1345,DB05 ,3/20/2017,0.97
1346,DB05 ,3/21/2017,1.07
1347,DB05 ,3/22/2017,0.68
1348,DB05 ,3/23/2017,1.07
1349,DB05 ,3/24/2017,1.38
1350,DB05 ,3/25/2017,1.34
1351,DB05 ,3/26/2017,1.31
1352,DB05 ,3/28/2017,1.33
1353,DB05 ,3/29/2017,1.51
1354,DB05 ,3/30/2017,0.69
1355,DB05 ,3/31/2017,0.24
1356,DB05 ,4/4/2017,1.34
1357,DB05 ,4/5/2017,1.81
1358,DB05 ,4/6/2017,0.66
1359,DB05 ,4/18/2017,1.46
1360,DB05 ,4/19/2017,1.46
1361,DB05 ,4/20/2017,1.94
1362,DB05 ,4/21/2017,0.39
1363,DB05 ,4/23/2017,1.19
1364,DB05 ,4/24/2017,0.84
1365,DB05 ,4/25/2017,1.06
1366,DB05 ,4/26/2017,1.62
1367,DB05 ,4/27/2017,1.3
1368,DB05 ,4/28/2017,2.15
1369,DB05 ,4/29/2017,1.71
1370,DB05 ,4/30/2017,1.96
1371,DB05 ,5/4/2017,0.55
1372,DB05 ,5/5/2017,1.48
1373,DB05 ,5/13/2017,0.99
1374,DB05 ,5/14/2017,2.35
1375,DB05 ,5/15/2017,2.53
1376,DB05 ,5/16/2017,2.35
1377,DB05 ,5/17/2017,2.6
1378,DB05 ,5/18/2017,2.15
1379,DB05 ,5/19/2017,2.52
1380,DB05 ,5/20/2017,2.19
1381,DB05 ,5/21/2017,2.47
1382,DB05 ,5/22/2017,1.69
1383,DB05 ,5/23/2017,1.4
1384,DB05 ,5/24/2017,1.69
1385,DB05 ,5/25/2017,2.1
1386,DB05 ,5/26/2017,1.91
1387,DB05 ,5/27/2017,1.12
1388,DB05 ,5/28/2017,1.89
1389,DB05 ,5/29/2017,1.73
1390,DB05 ,5/30/2017,2.24
1391,DB05 ,5/31/2017,1.14
1392,DB05 ,6/4/2017,0.42
1393,DB05 ,6/5/2017,1.9
1394,DB05 ,7/5/2017,2
1395,DB05 ,8/5/2017,1.53
1396,DB05 ,9/5/2017,1.9
1397,DB05 ,10/5/2017,2.2
1398,DB05 ,11/5/2017,1.77
1399,DB05 ,12/5/2017,0.81
1400,DB06 ,1/2/2016,0.83
1401,DB06 ,1/3/2016,0.9
1402,DB06 ,1/4/2016,0.93
1403,DB06 ,1/5/2016,0.65
1404,DB06 ,1/6/2016,0.29
1405,DB06 ,2/2/2016,0.94
1406,DB06 ,2/3/2016,0.6
1407,DB06 ,2/4/2016,0.69
1408,DB06 ,2/5/2016,0.68
1409,DB06 ,2/13/2016,0.68
1410,DB06 ,2/14/2016,0.22
1411,DB06 ,2/15/2016,0.4
1412,DB06 ,2/16/2016,0.68
1413,DB06 ,2/17/2016,0.66
1414,DB06 ,2/18/2016,0.72
1415,DB06 ,2/19/2016,0.65
1416,DB06 ,2/20/2016,0.88
1417,DB06 ,2/21/2016,0.76
1418,DB06 ,2/22/2016,0.74
1419,DB06 ,2/23/2016,0.62
1420,DB06 ,2/24/2016,0.83
1421,DB06 ,2/25/2016,0.87
1422,DB06 ,2/26/2016,0.86
1423,DB06 ,2/27/2016,0.76
1424,DB06 ,2/28/2016,0.86
1425,DB06 ,2/29/2016,0.87
1426,DB06 ,3/2/2016,0.96
1427,DB06 ,3/3/2016,0.32
1428,DB06 ,3/4/2016,0.83
1429,DB06 ,3/5/2016,0.59
1430,DB06 ,3/13/2016,0.71
1431,DB06 ,3/14/2016,0.68
1432,DB06 ,3/15/2016,0.65
1433,DB06 ,3/16/2016,0.68
1434,DB06 ,3/17/2016,0.84
1435,DB06 ,3/18/2016,1.09
1436,DB06 ,3/19/2016,0.92
1437,DB06 ,3/20/2016,0.98
1438,DB06 ,3/21/2016,1.08
1439,DB06 ,3/22/2016,0.91
1440,DB06 ,3/23/2016,1.02
1441,DB06 ,3/24/2016,1.45
1442,DB06 ,3/25/2016,0.86
1443,DB06 ,3/26/2016,0.89
1444,DB06 ,3/27/2016,1.03
1445,DB06 ,3/28/2016,0.83
1446,DB06 ,3/29/2016,0.82
1447,DB06 ,3/30/2016,0.91
1448,DB06 ,3/31/2016,0.88
1449,DB06 ,4/2/2016,0.92
1450,DB06 ,4/3/2016,1.28
1451,DB06 ,4/4/2016,0.67
1452,DB06 ,4/5/2016,0.33
1453,DB06 ,4/13/2016,0.89
1454,DB06 ,4/14/2016,0.86
1455,DB06 ,4/15/2016,0.68
1456,DB06 ,4/16/2016,0.71
1457,DB06 ,4/17/2016,1.06
1458,DB06 ,4/18/2016,1.11
1459,DB06 ,4/19/2016,0.96
1460,DB06 ,4/20/2016,0.13
1461,DB06 ,4/25/2016,0.71
1462,DB06 ,4/26/2016,0.81
1463,DB06 ,4/27/2016,1.09
1464,DB06 ,4/28/2016,1.1
1465,DB06 ,4/29/2016,0.93
1466,DB06 ,4/30/2016,0.38
1467,DB06 ,5/2/2016,0.91
1468,DB06 ,5/3/2016,1
1469,DB06 ,5/4/2016,0.57
1470,DB06 ,5/5/2016,0.77
1471,DB06 ,5/13/2016,1.87
1472,DB06 ,5/14/2016,1.62
1473,DB06 ,5/15/2016,2.14
1474,DB06 ,5/16/2016,1.95
1475,DB06 ,5/17/2016,1.74
1476,DB06 ,5/18/2016,1.5
1477,DB06 ,5/19/2016,1.61
1478,DB06 ,5/20/2016,0.59
1479,DB06 ,5/21/2016,1.43
1480,DB06 ,5/22/2016,1.53
1481,DB06 ,5/23/2016,1.98
1482,DB06 ,5/24/2016,2.02
1483,DB06 ,5/25/2016,1.77
1484,DB06 ,5/26/2016,1.46
1485,DB06 ,5/27/2016,1.2
1486,DB06 ,5/28/2016,1.12
1487,DB06 ,5/29/2016,1.41
1488,DB06 ,5/30/2016,1.5
1489,DB06 ,5/31/2016,0.86
1490,DB06 ,6/2/2016,0.89
1491,DB06 ,6/3/2016,0.77
1492,DB06 ,6/4/2016,0.65
1493,DB06 ,6/5/2016,0.35
1494,DB06 ,7/2/2016,0.86
1495,DB06 ,7/3/2016,0.78
1496,DB06 ,7/4/2016,0.73
1497,DB06 ,7/5/2016,0.35
1498,DB06 ,8/2/2016,0.84
1499,DB06 ,8/3/2016,0.75
1500,DB06 ,8/4/2016,0.93
1501,DB06 ,8/5/2016,0.28
1502,DB06 ,9/2/2016,0.84
1503,DB06 ,9/3/2016,0.77
1504,DB06 ,9/4/2016,1.19
1505,DB06 ,9/5/2016,0.71
1506,DB06 ,9/11/2016,0.01
1507,DB06 ,10/2/2016,0.92
1508,DB06 ,10/3/2016,0.65
1509,DB06 ,10/4/2016,0.89
1510,DB06 ,10/5/2016,1.53
1511,DB06 ,11/2/2016,0.81
1512,DB06 ,11/3/2016,0.65
1513,DB06 ,11/4/2016,0.87
1514,DB06 ,11/5/2016,1.51
1515,DB06 ,11/14/2016,0.64
1516,DB06 ,11/15/2016,1.08
1517,DB06 ,11/16/2016,0.8
1518,DB06 ,11/17/2016,0.87
1519,DB06 ,11/18/2016,0.82
1520,DB06 ,11/19/2016,0.83
1521,DB06 ,11/20/2016,0.93
1522,DB06 ,11/21/2016,0.78
1523,DB06 ,11/22/2016,0.62
1524,DB06 ,12/2/2016,0.77
1525,DB06 ,12/3/2016,0.72
1526,DB06 ,12/4/2016,0.67
1527,DB06 ,12/5/2016,1.64
1528,DB06 ,1/4/2017,2.41
1529,DB06 ,1/5/2017,1.67
1530,DB06 ,1/6/2017,1.79
1531,DB06 ,1/7/2017,0.4
1532,DB06 ,1/9/2017,0.3
1533,DB06 ,1/11/2017,0.68
1534,DB06 ,2/4/2017,2.18
1535,DB06 ,2/5/2017,1.01
1536,DB06 ,2/6/2017,1.27
1537,DB06 ,2/7/2017,0.4
1538,DB06 ,2/8/2017,0.58
1539,DB06 ,2/9/2017,0.91
1540,DB06 ,2/11/2017,1.1
1541,DB06 ,3/4/2017,2.44
1542,DB06 ,3/5/2017,1.57
1543,DB06 ,3/6/2017,1.13
1544,DB06 ,3/8/2017,1.72
1545,DB06 ,3/9/2017,1.25
1546,DB06 ,3/11/2017,1.29
1547,DB06 ,3/19/2017,1.01
1548,DB06 ,3/20/2017,1.87
1549,DB06 ,3/21/2017,1.92
1550,DB06 ,3/22/2017,0.77
1551,DB06 ,3/23/2017,1.1
1552,DB06 ,3/24/2017,1.19
1553,DB06 ,3/25/2017,1.07
1554,DB06 ,3/26/2017,1.02
1555,DB06 ,3/28/2017,0.99
1556,DB06 ,3/29/2017,1.41
1557,DB06 ,3/30/2017,1.49
1558,DB06 ,3/31/2017,2.32
1559,DB06 ,4/4/2017,1.93
1560,DB06 ,4/5/2017,2.16
1561,DB06 ,4/6/2017,1.55
1562,DB06 ,4/7/2017,1.2
1563,DB06 ,4/8/2017,0.53
1564,DB06 ,4/9/2017,1.69
1565,DB06 ,4/11/2017,0.95
1566,DB06 ,4/13/2017,0.7
1567,DB06 ,4/14/2017,0.98
1568,DB06 ,4/15/2017,0.96
1569,DB06 ,4/16/2017,0.69
1570,DB06 ,4/17/2017,1.61
1571,DB06 ,4/18/2017,2.19
1572,DB06 ,4/19/2017,1.73
1573,DB06 ,4/20/2017,2.06
1574,DB06 ,4/21/2017,1.46
1575,DB06 ,4/22/2017,1.83
1576,DB06 ,4/23/2017,1.71
1577,DB06 ,4/24/2017,1.56
1578,DB06 ,4/25/2017,0.44
1579,DB06 ,4/26/2017,1.41
1580,DB06 ,4/27/2017,1.24
1581,DB06 ,4/28/2017,2.02
1582,DB06 ,4/29/2017,1.94
1583,DB06 ,4/30/2017,2.12
1584,DB06 ,5/4/2017,1.93
1585,DB06 ,5/5/2017,2
1586,DB06 ,5/6/2017,1.71
1587,DB06 ,5/7/2017,1.02
1588,DB06 ,5/8/2017,0.9
1589,DB06 ,5/9/2017,1.57
1590,DB06 ,5/11/2017,1.07
1591,DB06 ,5/13/2017,1.67
1592,DB06 ,5/14/2017,1.76
1593,DB06 ,5/15/2017,1.81
1594,DB06 ,5/16/2017,1.82
1595,DB06 ,5/17/2017,1.69
1596,DB06 ,5/18/2017,1.91
1597,DB06 ,5/19/2017,2.17
1598,DB06 ,5/20/2017,1.87
1599,DB06 ,5/21/2017,1.68
1600,DB06 ,5/22/2017,1.5
1601,DB06 ,5/23/2017,1.37
1602,DB06 ,5/24/2017,1.26
1603,DB06 ,5/25/2017,1.91
1604,DB06 ,5/26/2017,1.59
1605,DB06 ,5/27/2017,2.08
1606,DB06 ,5/28/2017,1.93
1607,DB06 ,5/29/2017,1.47
1608,DB06 ,5/30/2017,1.65
1609,DB06 ,5/31/2017,1.08
1610,DB06 ,6/4/2017,1.91
1611,DB06 ,6/5/2017,2.51
1612,DB06 ,6/6/2017,0.84
1613,DB06 ,6/7/2017,1.3
1614,DB06 ,6/9/2017,1.4
1615,DB06 ,6/11/2017,0.89
1616,DB06 ,6/13/2017,1.72
1617,DB06 ,6/14/2017,1.47
1618,DB06 ,6/15/2017,1.25
1619,DB06 ,6/16/2017,1.42
1620,DB06 ,6/17/2017,1.29
1621,DB06 ,6/18/2017,1.09
1622,DB06 ,6/28/2017,0.55
1623,DB06 ,6/29/2017,0.75
1624,DB06 ,6/30/2017,0.83
1625,DB06 ,7/4/2017,1.93
1626,DB06 ,7/5/2017,2.22
1627,DB06 ,7/6/2017,1.41
1628,DB06 ,7/7/2017,1.25
1629,DB06 ,7/9/2017,1.93
1630,DB06 ,7/11/2017,1.07
1631,DB06 ,7/19/2017,0.71
1632,DB06 ,7/20/2017,1.47
1633,DB06 ,7/21/2017,3.07
1634,DB06 ,7/22/2017,0.33
1635,DB06 ,8/4/2017,1.92
1636,DB06 ,8/5/2017,1.82
1637,DB06 ,8/6/2017,1.27
1638,DB06 ,8/7/2017,1.65
1639,DB06 ,8/9/2017,1.86
1640,DB06 ,8/11/2017,0.97
1641,DB06 ,8/14/2017,0.01
1642,DB06 ,8/18/2017,0.02
1643,DB06 ,8/24/2017,0.22
1644,DB06 ,8/30/2017,1.15
1645,DB06 ,8/31/2017,0.14
1646,DB06 ,9/4/2017,1.9
1647,DB06 ,9/5/2017,1.57
1648,DB06 ,9/6/2017,1.19
1649,DB06 ,9/7/2017,1.72
1650,DB06 ,9/9/2017,1.43
1651,DB06 ,9/11/2017,0.92
1652,DB06 ,9/14/2017,0.54
1653,DB06 ,9/15/2017,1.81
1654,DB06 ,9/16/2017,2.19
1655,DB06 ,9/17/2017,1.27
1656,DB06 ,9/18/2017,0.63
1657,DB06 ,9/20/2017,0.64
1658,DB06 ,9/22/2017,0.74
1659,DB06 ,9/23/2017,1.29
1660,DB06 ,9/24/2017,1.43
1661,DB06 ,9/25/2017,0.24
1662,DB06 ,9/26/2017,0.9
1663,DB06 ,9/27/2017,0.65
1664,DB06 ,10/4/2017,1.85
1665,DB06 ,10/5/2017,1.5
1666,DB06 ,10/6/2017,1.3
1667,DB06 ,10/7/2017,1.05
1668,DB06 ,10/9/2017,1.28
1669,DB06 ,10/11/2017,1.08
1670,DB06 ,10/12/2017,0.01
1671,DB06 ,11/4/2017,0.98
1672,DB06 ,11/5/2017,1.86
1673,DB06 ,11/6/2017,0.7
1674,DB06 ,11/7/2017,0.23
1675,DB06 ,11/9/2017,1.24
1676,DB06 ,11/11/2017,1.06
1677,DB06 ,11/12/2017,0.84
1678,DB06 ,11/13/2017,0.79
1679,DB06 ,11/14/2017,1.24
1680,DB06 ,11/15/2017,1.27
1681,DB06 ,11/16/2017,1.02
1682,DB06 ,11/17/2017,0.01
1683,DB06 ,11/28/2017,0.01
1684,DB06 ,12/4/2017,1.05
1685,DB06 ,12/5/2017,1.48
1686,DB06 ,12/6/2017,1.34
1687,DB06 ,12/9/2017,0.08
1688,DB06 ,12/11/2017,1.09
1689,DB06 ,12/12/2017,1.58
1690,DB06 ,12/13/2017,0.83
1691,DB06 ,12/15/2017,0.71
1692,DB06 ,12/16/2017,1.63
1693,DB06 ,12/17/2017,1.63
1694,DB06 ,12/18/2017,1.65
1695,DB06 ,12/19/2017,1.48
1696,DB06 ,12/20/2017,1.5
1697,DB06 ,12/21/2017,1.7
1698,DB06 ,12/22/2017,1.33
1699,DB06 ,12/23/2017,1.08
1700,DB06 ,12/24/2017,1.2
1701,DB06 ,12/25/2017,1.28
1702,DB06 ,12/26/2017,1.35
1703,DB06 ,4/1/2018,1.22
1704,DB06 ,5/1/2018,1.4
1705,DB06 ,6/1/2018,1.42
1706,DB06 ,7/1/2018,0.55
1707,DB07 ,1/2/2016,0.71
1708,DB07 ,1/3/2016,0.62
1709,DB07 ,1/4/2016,0.94
1710,DB07 ,1/5/2016,1.3
1711,DB07 ,1/6/2016,0.74
1712,DB07 ,2/2/2016,0.71
1713,DB07 ,2/3/2016,0.47
1714,DB07 ,2/4/2016,0.83
1715,DB07 ,2/5/2016,1.82
1716,DB07 ,2/13/2016,0.57
1717,DB07 ,2/14/2016,0.23
1718,DB07 ,2/15/2016,0.4
1719,DB07 ,2/16/2016,0.55
1720,DB07 ,2/17/2016,0.58
1721,DB07 ,2/18/2016,0.65
1722,DB07 ,2/19/2016,0.67
1723,DB07 ,2/20/2016,0.65
1724,DB07 ,2/21/2016,0.63
1725,DB07 ,2/22/2016,0.61
1726,DB07 ,2/23/2016,0.49
1727,DB07 ,2/24/2016,0.58
1728,DB07 ,2/25/2016,0.59
1729,DB07 ,2/26/2016,0.71
1730,DB07 ,2/27/2016,0.63
1731,DB07 ,2/28/2016,0.65
1732,DB07 ,2/29/2016,0.66
1733,DB07 ,3/2/2016,0.82
1734,DB07 ,3/3/2016,0.67
1735,DB07 ,3/4/2016,0.91
1736,DB07 ,3/5/2016,1.96
1737,DB07 ,3/13/2016,0.69
1738,DB07 ,3/14/2016,0.69
1739,DB07 ,3/15/2016,0.62
1740,DB07 ,3/16/2016,0.73
1741,DB07 ,3/17/2016,0.73
1742,DB07 ,3/18/2016,0.75
1743,DB07 ,3/19/2016,0.71
1744,DB07 ,3/20/2016,0.77
1745,DB07 ,3/21/2016,0.77
1746,DB07 ,3/22/2016,0.66
1747,DB07 ,3/23/2016,0.64
1748,DB07 ,3/24/2016,0.7
1749,DB07 ,3/25/2016,0.59
1750,DB07 ,3/26/2016,0.54
1751,DB07 ,3/27/2016,0.88
1752,DB07 ,3/28/2016,0.93
1753,DB07 ,3/29/2016,0.93
1754,DB07 ,3/30/2016,0.77
1755,DB07 ,3/31/2016,0.97
1756,DB07 ,4/2/2016,1.17
1757,DB07 ,4/3/2016,0.68
1758,DB07 ,4/4/2016,1.04
1759,DB07 ,4/5/2016,1.81
1760,DB07 ,4/13/2016,0.8
1761,DB07 ,4/14/2016,0.85
1762,DB07 ,4/15/2016,0.93
1763,DB07 ,4/16/2016,0.93
1764,DB07 ,4/17/2016,1.11
1765,DB07 ,4/18/2016,1.01
1766,DB07 ,4/19/2016,1.05
1767,DB07 ,4/20/2016,0.35
1768,DB07 ,4/25/2016,0.56
1769,DB07 ,4/26/2016,1.13
1770,DB07 ,4/27/2016,1.65
1771,DB07 ,4/28/2016,1.15
1772,DB07 ,4/29/2016,0.81
1773,DB07 ,4/30/2016,0.86
1774,DB07 ,5/2/2016,1.21
1775,DB07 ,5/3/2016,0.64
1776,DB07 ,5/4/2016,1.03
1777,DB07 ,5/5/2016,1.71
1778,DB07 ,5/13/2016,1.59
1779,DB07 ,5/14/2016,1.4
1780,DB07 ,5/15/2016,1.65
1781,DB07 ,5/16/2016,1.8
1782,DB07 ,5/17/2016,1.9
1783,DB07 ,5/18/2016,1.22
1784,DB07 ,5/19/2016,0.64
1785,DB07 ,5/20/2016,0.33
1786,DB07 ,5/21/2016,0.9
1787,DB07 ,5/22/2016,1.7
1788,DB07 ,5/23/2016,1.77
1789,DB07 ,5/24/2016,1.62
1790,DB07 ,5/25/2016,1.47
1791,DB07 ,5/26/2016,1.35
1792,DB07 ,5/27/2016,1.51
1793,DB07 ,5/28/2016,1.44
1794,DB07 ,5/29/2016,1.3
1795,DB07 ,5/30/2016,1.56
1796,DB07 ,5/31/2016,1.16
1797,DB07 ,6/2/2016,0.68
1798,DB07 ,6/3/2016,0.5
1799,DB07 ,6/4/2016,1.05
1800,DB07 ,6/5/2016,1.95
1801,DB07 ,7/2/2016,0.59
1802,DB07 ,7/3/2016,0.56
1803,DB07 ,7/4/2016,0.97
1804,DB07 ,7/5/2016,1.08
1805,DB07 ,8/2/2016,0.62
1806,DB07 ,8/3/2016,0.74
1807,DB07 ,8/4/2016,0.97
1808,DB07 ,8/5/2016,0.8
1809,DB07 ,9/2/2016,0.61
1810,DB07 ,9/3/2016,0.67
1811,DB07 ,9/4/2016,1
1812,DB07 ,9/5/2016,1.43
1813,DB07 ,10/2/2016,0.68
1814,DB07 ,10/3/2016,0.67
1815,DB07 ,10/4/2016,0.95
1816,DB07 ,10/5/2016,1.44
1817,DB07 ,11/2/2016,0.63
1818,DB07 ,11/3/2016,0.67
1819,DB07 ,11/4/2016,0.94
1820,DB07 ,11/5/2016,0.72
1821,DB07 ,12/2/2016,0.56
1822,DB07 ,12/3/2016,0.73
1823,DB07 ,12/4/2016,0.7
1824,DB07 ,12/5/2016,1.28
1825,DB07 ,1/4/2017,1.44
1826,DB07 ,1/5/2017,2.15
1827,DB07 ,1/6/2017,1.95
1828,DB07 ,1/7/2017,0.44
1829,DB07 ,1/9/2017,0.51
1830,DB07 ,1/10/2017,0.43
1831,DB07 ,2/4/2017,1.34
1832,DB07 ,2/5/2017,2.12
1833,DB07 ,2/6/2017,1.69
1834,DB07 ,2/7/2017,0.51
1835,DB07 ,2/8/2017,0.44
1836,DB07 ,2/9/2017,0.88
1837,DB07 ,2/10/2017,0.52
1838,DB07 ,2/11/2017,0.27
1839,DB07 ,3/4/2017,1.11
1840,DB07 ,3/5/2017,1.78
1841,DB07 ,3/6/2017,1.38
1842,DB07 ,3/8/2017,1.07
1843,DB07 ,3/9/2017,1.07
1844,DB07 ,3/10/2017,0.19
1845,DB07 ,3/11/2017,0.59
1846,DB07 ,3/19/2017,0.39
1847,DB07 ,3/20/2017,0.45
1848,DB07 ,3/21/2017,0.3
1849,DB07 ,3/22/2017,0.19
1850,DB07 ,3/23/2017,0.31
1851,DB07 ,3/24/2017,0.38
1852,DB07 ,3/25/2017,0.42
1853,DB07 ,3/26/2017,0.43
1854,DB07 ,3/28/2017,0.73
1855,DB07 ,3/29/2017,0.66
1856,DB07 ,3/30/2017,0.92
1857,DB07 ,3/31/2017,1.22
1858,DB07 ,4/4/2017,1.7
1859,DB07 ,4/5/2017,2.41
1860,DB07 ,4/6/2017,2.4
1861,DB07 ,4/7/2017,0.8
1862,DB07 ,4/8/2017,0.63
1863,DB07 ,4/9/2017,1.58
1864,DB07 ,4/10/2017,0.3
1865,DB07 ,4/11/2017,0.47
1866,DB07 ,4/13/2017,1.57
1867,DB07 ,4/14/2017,1.86
1868,DB07 ,4/15/2017,2.04
1869,DB07 ,4/16/2017,1.61
1870,DB07 ,4/17/2017,2.08
1871,DB07 ,4/18/2017,3.01
1872,DB07 ,4/19/2017,2.11
1873,DB07 ,4/20/2017,1.94
1874,DB07 ,4/21/2017,2.04
1875,DB07 ,4/22/2017,2.6
1876,DB07 ,4/23/2017,2.22
1877,DB07 ,4/24/2017,2.39
1878,DB07 ,4/25/2017,2.4
1879,DB07 ,4/26/2017,2.15
1880,DB07 ,4/27/2017,1.48
1881,DB07 ,4/28/2017,2.61
1882,DB07 ,4/29/2017,2.24
1883,DB07 ,4/30/2017,1.84
1884,DB07 ,5/4/2017,1.63
1885,DB07 ,5/5/2017,1.81
1886,DB07 ,5/6/2017,2.12
1887,DB07 ,5/7/2017,0.73
1888,DB07 ,5/8/2017,0.48
1889,DB07 ,5/9/2017,1.5
1890,DB07 ,5/10/2017,0.5
1891,DB07 ,5/11/2017,0.54
1892,DB07 ,5/13/2017,2.48
1893,DB07 ,5/14/2017,2.34
1894,DB07 ,5/15/2017,2.57
1895,DB07 ,5/16/2017,2.49
1896,DB07 ,5/17/2017,2.77
1897,DB07 ,5/18/2017,2.13
1898,DB07 ,5/19/2017,1.23
1899,DB07 ,5/20/2017,2.61
1900,DB07 ,5/21/2017,2.21
1901,DB07 ,5/22/2017,2.64
1902,DB07 ,5/23/2017,3.31
1903,DB07 ,5/24/2017,2.69
1904,DB07 ,5/25/2017,2.28
1905,DB07 ,5/26/2017,2.46
1906,DB07 ,5/27/2017,2.15
1907,DB07 ,5/28/2017,3.28
1908,DB07 ,5/29/2017,3.27
1909,DB07 ,5/30/2017,3.03
1910,DB07 ,5/31/2017,2.19
1911,DB07 ,6/4/2017,1.53
1912,DB07 ,6/5/2017,1.92
1913,DB07 ,6/6/2017,1.34
1914,DB07 ,6/7/2017,1.5
1915,DB07 ,6/9/2017,1.09
1916,DB07 ,6/10/2017,0.74
1917,DB07 ,6/11/2017,0.49
1918,DB07 ,6/13/2017,2.71
1919,DB07 ,6/14/2017,2.27
1920,DB07 ,6/15/2017,2.25
1921,DB07 ,6/16/2017,1.5
1922,DB07 ,6/17/2017,1.09
1923,DB07 ,6/18/2017,1.58
1924,DB07 ,6/28/2017,0.51
1925,DB07 ,6/29/2017,1.23
1926,DB07 ,6/30/2017,1.4
1927,DB07 ,7/4/2017,1.69
1928,DB07 ,7/5/2017,2.19
1929,DB07 ,7/6/2017,2.05
1930,DB07 ,7/7/2017,1.06
1931,DB07 ,7/9/2017,1.31
1932,DB07 ,7/10/2017,0.34
1933,DB07 ,7/11/2017,0.48
1934,DB07 ,7/19/2017,0.38
1935,DB07 ,7/20/2017,0.81
1936,DB07 ,7/21/2017,1.65
1937,DB07 ,7/22/2017,0.35
1938,DB07 ,8/4/2017,1.53
1939,DB07 ,8/5/2017,1.71
1940,DB07 ,8/6/2017,2.29
1941,DB07 ,8/7/2017,1.87
1942,DB07 ,8/9/2017,1.62
1943,DB07 ,8/10/2017,0.24
1944,DB07 ,8/11/2017,0.53
1945,DB07 ,8/18/2017,0.02
1946,DB07 ,8/24/2017,0.04
1947,DB07 ,8/30/2017,0.55
1948,DB07 ,8/31/2017,0.14
1949,DB07 ,9/4/2017,1.59
1950,DB07 ,9/5/2017,2.5
1951,DB07 ,9/6/2017,1.7
1952,DB07 ,9/7/2017,1.1
1953,DB07 ,9/9/2017,1.38
1954,DB07 ,9/11/2017,0.51
1955,DB07 ,9/14/2017,0.32
1956,DB07 ,9/15/2017,0.59
1957,DB07 ,9/16/2017,1.28
1958,DB07 ,9/17/2017,1.28
1959,DB07 ,9/18/2017,0.47
1960,DB07 ,9/20/2017,0.32
1961,DB07 ,9/22/2017,0.58
1962,DB07 ,9/23/2017,1.13
1963,DB07 ,9/24/2017,0.52
1964,DB07 ,9/25/2017,0.86
1965,DB07 ,9/26/2017,0.62
1966,DB07 ,9/27/2017,0.83
1967,DB07 ,9/28/2017,0.84
1968,DB07 ,9/29/2017,0.94
1969,DB07 ,9/30/2017,0.62
1970,DB07 ,10/4/2017,1.64
1971,DB07 ,10/5/2017,2.35
1972,DB07 ,10/6/2017,2.5
1973,DB07 ,10/7/2017,0.95
1974,DB07 ,10/9/2017,1.27
1975,DB07 ,10/11/2017,0.5
1976,DB07 ,10/12/2017,0.02
1977,DB07 ,11/4/2017,1.09
1978,DB07 ,11/5/2017,2.76
1979,DB07 ,11/6/2017,1.96
1980,DB07 ,11/7/2017,0.3
1981,DB07 ,11/9/2017,1.16
1982,DB07 ,11/11/2017,0.56
1983,DB07 ,11/12/2017,0.44
1984,DB07 ,11/13/2017,0.37
1985,DB07 ,11/14/2017,0.59
1986,DB07 ,11/15/2017,0.53
1987,DB07 ,11/16/2017,0.63
1988,DB07 ,11/17/2017,0.04
1989,DB07 ,12/4/2017,1.09
1990,DB07 ,12/5/2017,1.76
1991,DB07 ,12/6/2017,2.29
1992,DB07 ,12/9/2017,0.05
1993,DB07 ,12/11/2017,0.7
1994,DB07 ,12/12/2017,0.75
1995,DB07 ,12/13/2017,0.51
1996,DB07 ,12/15/2017,0.4
1997,DB07 ,12/16/2017,0.56
1998,DB07 ,12/17/2017,0.49
1999,DB08 ,1/2/2016,1.09
2000,DB08 ,1/3/2016,0.98
2001,DB08 ,1/4/2016,0.9
2002,DB08 ,1/5/2016,1.67
2003,DB08 ,1/6/2016,0.68
2004,DB08 ,2/2/2016,0.99
2005,DB08 ,2/3/2016,1.03
2006,DB08 ,2/4/2016,0.67
2007,DB08 ,2/5/2016,1.98
2008,DB08 ,2/13/2016,0.72
2009,DB08 ,2/14/2016,0.17
2010,DB08 ,2/15/2016,0.48
2011,DB08 ,2/16/2016,0.76
2012,DB08 ,2/17/2016,0.8
2013,DB08 ,2/18/2016,0.72
2014,DB08 ,2/19/2016,0.76
2015,DB08 ,2/20/2016,0.92
2016,DB08 ,2/21/2016,1.11
2017,DB08 ,2/22/2016,0.85
2018,DB08 ,2/23/2016,1.02
2019,DB08 ,2/24/2016,0.74
2020,DB08 ,2/25/2016,0.63
2021,DB08 ,2/26/2016,0.73
2022,DB08 ,2/27/2016,0.55
2023,DB08 ,2/28/2016,0.86
2024,DB08 ,2/29/2016,0.9
2025,DB08 ,3/2/2016,0.88
2026,DB08 ,3/3/2016,0.9
2027,DB08 ,3/4/2016,0.93
2028,DB08 ,3/5/2016,2.07
2029,DB08 ,3/13/2016,0.6
2030,DB08 ,3/14/2016,0.89
2031,DB08 ,3/15/2016,0.93
2032,DB08 ,3/16/2016,0.97
2033,DB08 ,3/17/2016,0.72
2034,DB08 ,3/18/2016,0.65
2035,DB08 ,3/19/2016,1.23
2036,DB08 ,3/20/2016,0.55
2037,DB08 ,3/21/2016,0.51
2038,DB08 ,3/22/2016,0.56
2039,DB08 ,3/23/2016,0.58
2040,DB08 ,3/24/2016,0.55
2041,DB08 ,3/25/2016,0.55
2042,DB08 ,3/26/2016,0.52
2043,DB08 ,3/27/2016,0.64
2044,DB08 ,3/28/2016,0.56
2045,DB08 ,3/29/2016,0.43
2046,DB08 ,3/30/2016,0.54
2047,DB08 ,3/31/2016,0.74
2048,DB08 ,4/2/2016,0.38
2049,DB08 ,4/3/2016,0.81
2050,DB08 ,4/4/2016,0.93
2051,DB08 ,4/5/2016,1.75
2052,DB08 ,4/13/2016,1.74
2053,DB08 ,4/14/2016,1.85
2054,DB08 ,4/15/2016,1.61
2055,DB08 ,4/16/2016,0.22
2056,DB08 ,4/19/2016,0.05
2057,DB08 ,4/20/2016,0.05
2058,DB08 ,4/25/2016,0.44
2059,DB08 ,4/26/2016,0.96
2060,DB08 ,4/27/2016,1.92
2061,DB08 ,4/28/2016,1.58
2062,DB08 ,4/29/2016,1.21
2063,DB08 ,4/30/2016,1.32
2064,DB08 ,5/2/2016,0.59
2065,DB08 ,5/3/2016,1.08
2066,DB08 ,5/4/2016,0.86
2067,DB08 ,5/5/2016,1.92
2068,DB08 ,5/13/2016,1.92
2069,DB08 ,5/14/2016,1.77
2070,DB08 ,5/15/2016,1.26
2071,DB08 ,5/16/2016,1.14
2072,DB08 ,5/17/2016,1.4
2073,DB08 ,5/18/2016,1.87
2074,DB08 ,5/19/2016,1.94
2075,DB08 ,5/20/2016,1.36
2076,DB08 ,5/21/2016,1.64
2077,DB08 ,5/22/2016,1.45
2078,DB08 ,5/23/2016,2.2
2079,DB08 ,5/24/2016,1.78
2080,DB08 ,5/25/2016,1.57
2081,DB08 ,5/26/2016,1.51
2082,DB08 ,5/27/2016,1.61
2083,DB08 ,5/28/2016,1.81
2084,DB08 ,5/29/2016,1.67
2085,DB08 ,5/30/2016,1.45
2086,DB08 ,5/31/2016,1.51
2087,DB08 ,6/2/2016,0.3
2088,DB08 ,6/3/2016,1.23
2089,DB08 ,6/4/2016,0.81
2090,DB08 ,6/5/2016,2.21
2091,DB08 ,7/2/2016,0.56
2092,DB08 ,7/3/2016,1.12
2093,DB08 ,7/4/2016,0.73
2094,DB08 ,7/5/2016,2.02
2095,DB08 ,8/2/2016,0.61
2096,DB08 ,8/3/2016,1.04
2097,DB08 ,8/4/2016,1.03
2098,DB08 ,8/5/2016,1.64
2099,DB08 ,9/2/2016,2.83
2100,DB08 ,9/3/2016,1.07
2101,DB08 ,9/4/2016,1.06
2102,DB08 ,9/5/2016,1.5
2103,DB08 ,10/2/2016,3.19
2104,DB08 ,10/3/2016,0.89
2105,DB08 ,10/4/2016,0.89
2106,DB08 ,10/5/2016,1.66
2107,DB08 ,11/2/2016,1.28
2108,DB08 ,11/3/2016,0.79
2109,DB08 ,11/4/2016,0.99
2110,DB08 ,11/5/2016,1.63
2111,DB08 ,12/2/2016,0.75
2112,DB08 ,12/3/2016,0.02
2113,DB08 ,12/4/2016,1.09
2114,DB08 ,12/5/2016,1.51
2115,DB08 ,1/4/2017,2.65
2116,DB08 ,1/5/2017,2.57
2117,DB08 ,1/6/2017,2
2118,DB08 ,1/7/2017,1.03
2119,DB08 ,1/9/2017,0.14
2120,DB08 ,1/10/2017,0.9
2121,DB08 ,2/4/2017,2.31
2122,DB08 ,2/5/2017,3.33
2123,DB08 ,2/6/2017,2.86
2124,DB08 ,2/7/2017,0.46
2125,DB08 ,2/9/2017,0.34
2126,DB08 ,2/10/2017,0.71
2127,DB08 ,2/11/2017,0.01
2128,DB08 ,3/4/2017,1.67
2129,DB08 ,3/5/2017,2.86
2130,DB08 ,3/6/2017,2.35
2131,DB08 ,3/9/2017,0.25
2132,DB08 ,3/10/2017,0.86
2133,DB08 ,3/11/2017,0.42
2134,DB08 ,3/19/2017,0.54
2135,DB08 ,3/20/2017,0.77
2136,DB08 ,3/21/2017,0.97
2137,DB08 ,3/22/2017,1.05
2138,DB08 ,3/23/2017,1.17
2139,DB08 ,3/24/2017,1.98
2140,DB08 ,3/25/2017,1.85
2141,DB08 ,3/26/2017,2.41
2142,DB08 ,3/28/2017,2.89
2143,DB08 ,3/29/2017,2.64
2144,DB08 ,3/30/2017,2.13
2145,DB08 ,3/31/2017,2.23
2146,DB08 ,4/4/2017,2.22
2147,DB08 ,4/5/2017,3.39
2148,DB08 ,4/6/2017,3.06
2149,DB08 ,4/7/2017,1.23
2150,DB08 ,4/9/2017,0.19
2151,DB08 ,4/10/2017,0.82
2152,DB08 ,4/11/2017,0.24
2153,DB08 ,4/13/2017,2.41
2154,DB08 ,4/14/2017,2.25
2155,DB08 ,4/15/2017,2.08
2156,DB08 ,4/16/2017,1.86
2157,DB08 ,4/17/2017,2.44
2158,DB08 ,4/18/2017,2.38
2159,DB08 ,4/19/2017,2.44
2160,DB08 ,4/20/2017,2.69
2161,DB08 ,4/21/2017,2.35
2162,DB08 ,4/22/2017,2.18
2163,DB08 ,4/23/2017,2.63
2164,DB08 ,4/24/2017,2.99
2165,DB08 ,4/25/2017,2.73
2166,DB08 ,4/26/2017,2.88
2167,DB08 ,4/27/2017,1.8
2168,DB08 ,4/28/2017,3.16
2169,DB08 ,4/29/2017,2.85
2170,DB08 ,4/30/2017,3.18
2171,DB08 ,5/4/2017,2.44
2172,DB08 ,5/5/2017,2.65
2173,DB08 ,5/6/2017,2.99
2174,DB08 ,5/7/2017,1.24
2175,DB08 ,5/9/2017,0.23
2176,DB08 ,5/10/2017,0.93
2177,DB08 ,5/13/2017,3.71
2178,DB08 ,5/14/2017,3.44
2179,DB08 ,5/15/2017,3.45
2180,DB08 ,5/16/2017,3.22
2181,DB08 ,5/17/2017,3.37
2182,DB08 ,5/18/2017,3.42
2183,DB08 ,5/19/2017,3.91
2184,DB08 ,5/20/2017,3.41
2185,DB08 ,5/21/2017,4.26
2186,DB08 ,5/22/2017,3.44
2187,DB08 ,5/23/2017,3.35
2188,DB08 ,5/24/2017,3.07
2189,DB08 ,5/25/2017,3.86
2190,DB08 ,5/26/2017,3.12
2191,DB08 ,5/27/2017,2.47
2192,DB08 ,5/28/2017,3.52
2193,DB08 ,5/29/2017,4.33
2194,DB08 ,5/30/2017,3.61
2195,DB08 ,5/31/2017,2.96
2196,DB08 ,6/4/2017,1.92
2197,DB08 ,6/5/2017,2.75
2198,DB08 ,6/6/2017,2.02
2199,DB08 ,6/7/2017,1.76
2200,DB08 ,6/9/2017,0.19
2201,DB08 ,6/10/2017,0.97
2202,DB08 ,6/13/2017,3.81
2203,DB08 ,6/14/2017,1.95
2204,DB08 ,6/15/2017,3.92
2205,DB08 ,6/16/2017,3.59
2206,DB08 ,6/17/2017,2.68
2207,DB08 ,6/18/2017,2.52
2208,DB08 ,6/28/2017,1.45
2209,DB08 ,6/29/2017,1.84
2210,DB08 ,6/30/2017,2.06
2211,DB08 ,7/4/2017,1.93
2212,DB08 ,7/5/2017,2.84
2213,DB08 ,7/6/2017,3.28
2214,DB08 ,7/7/2017,1.48
2215,DB08 ,7/9/2017,0.26
2216,DB08 ,7/10/2017,0.88
2217,DB08 ,8/4/2017,1.73
2218,DB08 ,8/5/2017,2.53
2219,DB08 ,8/6/2017,3.74
2220,DB08 ,8/7/2017,2.35
2221,DB08 ,8/9/2017,0.06
2222,DB08 ,8/10/2017,0.85
2223,DB08 ,8/11/2017,0.39
2224,DB08 ,9/4/2017,1.8
2225,DB08 ,9/5/2017,2.57
2226,DB08 ,9/6/2017,3.89
2227,DB08 ,9/7/2017,1.85
2228,DB08 ,9/9/2017,0.3
2229,DB08 ,9/10/2017,0.6
2230,DB08 ,9/11/2017,0.54
2231,DB08 ,9/14/2017,0.62
2232,DB08 ,9/15/2017,0.75
2233,DB08 ,9/16/2017,0.7
2234,DB08 ,9/17/2017,0.66
2235,DB08 ,9/18/2017,0.25
2236,DB08 ,9/20/2017,0.76
2237,DB08 ,9/22/2017,0.61
2238,DB08 ,9/23/2017,0.72
2239,DB08 ,9/24/2017,0.58
2240,DB08 ,9/25/2017,0.84
2241,DB08 ,9/26/2017,0.85
2242,DB08 ,9/27/2017,0.76
2243,DB08 ,9/28/2017,0.65
2244,DB08 ,9/29/2017,0.74
2245,DB08 ,9/30/2017,0.63
2246,DB08 ,10/4/2017,1.83
2247,DB08 ,10/5/2017,2.63
2248,DB08 ,10/6/2017,3.61
2249,DB08 ,10/7/2017,1.1
2250,DB08 ,10/9/2017,0.51
2251,DB08 ,10/10/2017,1.06
2252,DB08 ,10/11/2017,0.55
2253,DB08 ,10/13/2017,0.29
2254,DB08 ,10/15/2017,0.01
2255,DB08 ,10/17/2017,0.23
2256,DB08 ,10/18/2017,0.62
2257,DB08 ,10/19/2017,0.61
2258,DB08 ,10/20/2017,0.15
2259,DB08 ,10/24/2017,0.08
2260,DB08 ,10/30/2017,0.06
2261,DB08 ,11/4/2017,2.01
2262,DB08 ,11/5/2017,3.12
2263,DB08 ,11/6/2017,3.7
2264,DB08 ,11/7/2017,0.36
2265,DB08 ,11/9/2017,0.7
2266,DB08 ,11/10/2017,0.95
2267,DB08 ,11/11/2017,0.6
2268,DB08 ,11/12/2017,0.48
2269,DB08 ,11/13/2017,0.58
2270,DB08 ,11/14/2017,0.89
2271,DB08 ,11/15/2017,0.81
2272,DB08 ,11/16/2017,0.48
2273,DB08 ,12/4/2017,2.34
2274,DB08 ,12/5/2017,3.12
2275,DB08 ,12/6/2017,3.65
2276,DB08 ,12/9/2017,0.02
2277,DB08 ,12/10/2017,0.68
2278,DB08 ,12/11/2017,0.64
2279,DB08 ,12/12/2017,0.96
2280,DB08 ,12/13/2017,0.34
2281,DB08 ,12/15/2017,0.64
2282,DB08 ,12/16/2017,1.02
2283,DB08 ,12/17/2017,0.9
2284,DB08 ,12/18/2017,0.81
2285,DB08 ,12/19/2017,1.18
2286,DB08 ,12/20/2017,1.75
2287,DB08 ,12/21/2017,2.22
2288,DB08 ,12/22/2017,1.9
2289,DB08 ,12/23/2017,1.95
2290,DB08 ,12/24/2017,1.78
2291,DB08 ,12/25/2017,1.57
2292,DB08 ,12/26/2017,0.95
2293,DB08 ,4/1/2018,1.48
2294,DB08 ,5/1/2018,1.62
2295,DB08 ,6/1/2018,1.31
2296,DB08 ,7/1/2018,0.24
2297,DB09 ,1/2/2016,0.47
2298,DB09 ,1/3/2016,0.66
2299,DB09 ,1/4/2016,1.58
2300,DB09 ,1/5/2016,1.52
2301,DB09 ,1/6/2016,0.92
2302,DB09 ,1/12/2016,0.36
2303,DB09 ,2/2/2016,0.59
2304,DB09 ,2/3/2016,0.86
2305,DB09 ,2/4/2016,1.79
2306,DB09 ,2/5/2016,1.49
2307,DB09 ,2/12/2016,0.02
2308,DB09 ,2/13/2016,0.93
2309,DB09 ,2/14/2016,0.29
2310,DB09 ,2/16/2016,0.51
2311,DB09 ,2/17/2016,0.92
2312,DB09 ,2/18/2016,1
2313,DB09 ,2/19/2016,0.88
2314,DB09 ,2/20/2016,0.8
2315,DB09 ,2/21/2016,0.78
2316,DB09 ,2/22/2016,0.8
2317,DB09 ,2/23/2016,0.67
2318,DB09 ,2/24/2016,0.69
2319,DB09 ,2/25/2016,0.8
2320,DB09 ,2/26/2016,0.61
2321,DB09 ,2/27/2016,0.36
2322,DB09 ,2/28/2016,0.54
2323,DB09 ,2/29/2016,0.68
2324,DB09 ,3/2/2016,0.97
2325,DB09 ,3/3/2016,0.77
2326,DB09 ,3/4/2016,1.72
2327,DB09 ,3/5/2016,1.8
2328,DB09 ,3/12/2016,0.3
2329,DB09 ,3/13/2016,0.78
2330,DB09 ,3/14/2016,0.73
2331,DB09 ,3/15/2016,0.7
2332,DB09 ,3/16/2016,0.89
2333,DB09 ,3/17/2016,1.36
2334,DB09 ,3/18/2016,1.48
2335,DB09 ,3/19/2016,1.47
2336,DB09 ,3/20/2016,1.55
2337,DB09 ,3/21/2016,1.47
2338,DB09 ,3/22/2016,1.48
2339,DB09 ,3/23/2016,1.63
2340,DB09 ,3/24/2016,1.56
2341,DB09 ,3/25/2016,1.78
2342,DB09 ,3/26/2016,1.62
2343,DB09 ,3/27/2016,1.64
2344,DB09 ,3/28/2016,1.66
2345,DB09 ,3/29/2016,1.68
2346,DB09 ,3/30/2016,1.71
2347,DB09 ,3/31/2016,1.85
2348,DB09 ,4/2/2016,0.93
2349,DB09 ,4/3/2016,0.76
2350,DB09 ,4/4/2016,1.62
2351,DB09 ,4/5/2016,1.49
2352,DB09 ,4/12/2016,0.37
2353,DB09 ,4/13/2016,1.75
2354,DB09 ,4/14/2016,1.27
2355,DB09 ,4/16/2016,0.83
2356,DB09 ,4/17/2016,1.65
2357,DB09 ,4/18/2016,1.73
2358,DB09 ,4/19/2016,1.59
2359,DB09 ,4/20/2016,0.66
2360,DB09 ,4/25/2016,1.42
2361,DB09 ,4/26/2016,2.25
2362,DB09 ,4/27/2016,3.88
2363,DB09 ,4/28/2016,1.44
2364,DB09 ,4/29/2016,1.07
2365,DB09 ,4/30/2016,1.22
2366,DB09 ,5/2/2016,0.81
2367,DB09 ,5/3/2016,0.85
2368,DB09 ,5/4/2016,1.69
2369,DB09 ,5/5/2016,0.6
2370,DB09 ,5/12/2016,0.06
2371,DB09 ,5/13/2016,0.7
2372,DB09 ,5/14/2016,0.79
2373,DB09 ,5/15/2016,0.78
2374,DB09 ,5/16/2016,0.55
2375,DB09 ,5/17/2016,0.91
2376,DB09 ,5/18/2016,1.01
2377,DB09 ,5/19/2016,0.67
2378,DB09 ,5/20/2016,0.87
2379,DB09 ,5/21/2016,0.65
2380,DB09 ,5/22/2016,0.93
2381,DB09 ,5/23/2016,0.89
2382,DB09 ,5/24/2016,1.06
2383,DB09 ,5/25/2016,1.09
2384,DB09 ,5/26/2016,1.33
2385,DB09 ,5/27/2016,1.22
2386,DB09 ,5/28/2016,1.67
2387,DB09 ,5/29/2016,1.59
2388,DB09 ,5/30/2016,1.4
2389,DB09 ,5/31/2016,1.55
2390,DB09 ,6/2/2016,0.78
2391,DB09 ,6/3/2016,0.74
2392,DB09 ,6/4/2016,1.42
2393,DB09 ,6/5/2016,0.76
2394,DB09 ,7/2/2016,0.73
2395,DB09 ,7/3/2016,0.72
2396,DB09 ,7/4/2016,1.59
2397,DB09 ,7/5/2016,0.53
2398,DB09 ,8/2/2016,0.82
2399,DB09 ,8/3/2016,0.79
2400,DB09 ,8/4/2016,1.57
2401,DB09 ,8/5/2016,0.6
2402,DB09 ,9/2/2016,0.99
2403,DB09 ,9/3/2016,0.78
2404,DB09 ,9/4/2016,1
2405,DB09 ,9/5/2016,0.48
2406,DB09 ,9/11/2016,0.04
2407,DB09 ,9/12/2016,0.33
2408,DB09 ,10/2/2016,1.16
2409,DB09 ,10/3/2016,0.86
2410,DB09 ,10/4/2016,0.76
2411,DB09 ,10/5/2016,0.8
2412,DB09 ,10/12/2016,0.06
2413,DB09 ,11/2/2016,1.04
2414,DB09 ,11/3/2016,0.68
2415,DB09 ,11/4/2016,0.78
2416,DB09 ,11/5/2016,0.32
2417,DB09 ,11/14/2016,0.38
2418,DB09 ,11/15/2016,0.48
2419,DB09 ,11/16/2016,0.43
2420,DB09 ,11/17/2016,0.44
2421,DB09 ,11/18/2016,0.46
2422,DB09 ,11/19/2016,0.43
2423,DB09 ,11/20/2016,0.48
2424,DB09 ,11/21/2016,0.37
2425,DB09 ,11/22/2016,0.35
2426,DB09 ,11/30/2016,0.42
2427,DB09 ,12/2/2016,0.96
2428,DB09 ,12/3/2016,1.38
2429,DB09 ,12/4/2016,0.96
2430,DB09 ,12/5/2016,0.5
2431,DB09 ,12/13/2016,0.38
2432,DB09 ,12/14/2016,0.49
2433,DB09 ,12/15/2016,0.05
2434,DB09 ,1/4/2017,1.85
2435,DB09 ,1/5/2017,0.59
2436,DB09 ,1/6/2017,2.17
2437,DB09 ,1/7/2017,0.62
2438,DB09 ,1/10/2017,1.8
2439,DB09 ,2/4/2017,1.72
2440,DB09 ,2/5/2017,2.32
2441,DB09 ,2/6/2017,1.78
2442,DB09 ,2/7/2017,0.55
2443,DB09 ,2/9/2017,0.61
2444,DB09 ,2/10/2017,1.67
2445,DB09 ,2/11/2017,0.02
2446,DB09 ,3/4/2017,0.54
2447,DB09 ,3/5/2017,1.26
2448,DB09 ,3/6/2017,1.51
2449,DB09 ,3/9/2017,1.28
2450,DB09 ,3/10/2017,1.56
2451,DB09 ,3/11/2017,0.41
2452,DB09 ,3/19/2017,0.21
2453,DB09 ,3/20/2017,0.26
2454,DB09 ,3/21/2017,0.34
2455,DB09 ,3/22/2017,0.11
2456,DB09 ,3/23/2017,0.53
2457,DB09 ,3/24/2017,0.88
2458,DB09 ,3/25/2017,0.45
2459,DB09 ,3/26/2017,1
2460,DB09 ,3/28/2017,0.97
2461,DB09 ,3/29/2017,0.4
2462,DB09 ,3/30/2017,0.45
2463,DB09 ,3/31/2017,1.31
2464,DB09 ,4/4/2017,0.42
2465,DB09 ,4/5/2017,2.07
2466,DB09 ,4/6/2017,2.01
2467,DB09 ,4/7/2017,0.92
2468,DB09 ,4/9/2017,1.55
2469,DB09 ,4/10/2017,1.1
2470,DB09 ,4/11/2017,0.48
2471,DB09 ,4/13/2017,0.47
2472,DB09 ,4/14/2017,1.19
2473,DB09 ,4/15/2017,1.71
2474,DB09 ,4/16/2017,1.05
2475,DB09 ,4/17/2017,1.43
2476,DB09 ,4/18/2017,1.19
2477,DB09 ,4/19/2017,1.47
2478,DB09 ,4/20/2017,1.44
2479,DB09 ,4/21/2017,1.39
2480,DB09 ,4/22/2017,1.04
2481,DB09 ,4/23/2017,1.06
2482,DB09 ,4/24/2017,1.24
2483,DB09 ,4/25/2017,1.58
2484,DB09 ,4/26/2017,1.13
2485,DB09 ,4/27/2017,0.59
2486,DB09 ,4/28/2017,1.49
2487,DB09 ,4/29/2017,1.54
2488,DB09 ,4/30/2017,0.98
2489,DB09 ,5/4/2017,0.6
2490,DB09 ,5/5/2017,1.78
2491,DB09 ,5/6/2017,1.99
2492,DB09 ,5/7/2017,0.83
2493,DB09 ,5/9/2017,1.69
2494,DB09 ,5/10/2017,0.96
2495,DB09 ,5/11/2017,0.54
2496,DB09 ,5/13/2017,1.43
2497,DB09 ,5/14/2017,1.27
2498,DB09 ,5/15/2017,0.72
2499,DB09 ,5/16/2017,1.89
2500,DB09 ,5/17/2017,1.75
2501,DB09 ,5/18/2017,1.38
2502,DB09 ,5/19/2017,2.16
2503,DB09 ,5/20/2017,2.93
2504,DB09 ,5/21/2017,2.16
2505,DB09 ,5/22/2017,1.17
2506,DB09 ,5/23/2017,2.36
2507,DB09 ,5/24/2017,2.74
2508,DB09 ,5/25/2017,3.82
2509,DB09 ,5/26/2017,2.98
2510,DB09 ,5/27/2017,2.14
2511,DB09 ,5/28/2017,2.17
2512,DB09 ,5/29/2017,2.7
2513,DB09 ,5/30/2017,2.7
2514,DB09 ,5/31/2017,2.49
2515,DB09 ,6/1/2017,0.27
2516,DB09 ,6/4/2017,1.23
2517,DB09 ,6/5/2017,2.03
2518,DB09 ,6/6/2017,1.55
2519,DB09 ,6/7/2017,1.48
2520,DB09 ,6/9/2017,1.61
2521,DB09 ,6/10/2017,0.84
2522,DB09 ,6/11/2017,0.54
2523,DB09 ,6/13/2017,3.13
2524,DB09 ,6/14/2017,2.58
2525,DB09 ,6/15/2017,2.66
2526,DB09 ,6/16/2017,2.84
2527,DB09 ,6/17/2017,1.79
2528,DB09 ,6/18/2017,1.77
2529,DB09 ,6/28/2017,0.92
2530,DB09 ,6/29/2017,1.57
2531,DB09 ,6/30/2017,1.5
2532,DB09 ,7/1/2017,0.42
2533,DB09 ,7/4/2017,0.67
2534,DB09 ,7/5/2017,2.26
2535,DB09 ,7/6/2017,2.39
2536,DB09 ,7/7/2017,1.33
2537,DB09 ,7/9/2017,1.42
2538,DB09 ,7/10/2017,1.28
2539,DB09 ,7/11/2017,0.61
2540,DB09 ,8/1/2017,0.11
2541,DB09 ,8/4/2017,0.32
2542,DB09 ,8/5/2017,2.01
2543,DB09 ,8/6/2017,2.76
2544,DB09 ,8/7/2017,1.8
2545,DB09 ,8/9/2017,1.17
2546,DB09 ,8/10/2017,0.65
2547,DB09 ,8/11/2017,0.68
2548,DB09 ,9/4/2017,0.15
2549,DB09 ,9/5/2017,2.03
2550,DB09 ,9/6/2017,2.78
2551,DB09 ,9/7/2017,1.19
2552,DB09 ,9/9/2017,1.26
2553,DB09 ,9/11/2017,0.79
2554,DB09 ,9/14/2017,0.87
2555,DB09 ,9/15/2017,1.47
2556,DB09 ,9/16/2017,0.75
2557,DB09 ,9/17/2017,1.32
2558,DB09 ,9/18/2017,0.52
2559,DB09 ,9/20/2017,0.93
2560,DB09 ,9/22/2017,1.37
2561,DB09 ,9/23/2017,1.48
2562,DB09 ,9/24/2017,1.38
2563,DB09 ,9/25/2017,1.98
2564,DB09 ,9/26/2017,1.29
2565,DB09 ,9/27/2017,1.96
2566,DB09 ,9/28/2017,1.32
2567,DB09 ,9/29/2017,1.26
2568,DB09 ,9/30/2017,1.15
2569,DB09 ,10/4/2017,0.19
2570,DB09 ,10/5/2017,1.7
2571,DB09 ,10/6/2017,2.56
2572,DB09 ,10/7/2017,0.86
2573,DB09 ,10/9/2017,1.23
2574,DB09 ,10/11/2017,0.71
2575,DB09 ,10/12/2017,0.01
2576,DB09 ,10/13/2017,0.33
2577,DB09 ,10/15/2017,0.14
2578,DB09 ,10/17/2017,0.2
2579,DB09 ,10/18/2017,0.54
2580,DB09 ,10/19/2017,0.92
2581,DB09 ,10/20/2017,0.2
2582,DB09 ,10/24/2017,0.52
2583,DB09 ,10/25/2017,0.9
2584,DB09 ,10/26/2017,0.52
2585,DB09 ,10/27/2017,0.05
2586,DB09 ,10/30/2017,0.06
2587,DB09 ,11/4/2017,0.16
2588,DB09 ,11/5/2017,1.77
2589,DB09 ,11/6/2017,2.29
2590,DB09 ,11/7/2017,0.32
2591,DB09 ,11/9/2017,0.81
2592,DB09 ,11/10/2017,0.27
2593,DB09 ,11/11/2017,0.87
2594,DB09 ,11/12/2017,0.48
2595,DB09 ,11/13/2017,0.48
2596,DB09 ,11/14/2017,0.63
2597,DB09 ,11/15/2017,0.51
2598,DB09 ,11/16/2017,0.45
2599,DB09 ,11/17/2017,0.01
2600,DB09 ,11/28/2017,0.01
2601,DB09 ,12/4/2017,0.32
2602,DB09 ,12/5/2017,1
2603,DB09 ,12/6/2017,2.53
2604,DB09 ,12/9/2017,0.04
2605,DB09 ,12/10/2017,0.63
2606,DB09 ,12/11/2017,0.59
2607,DB09 ,12/12/2017,0.65
2608,DB09 ,12/13/2017,0.3
2609,DB09 ,12/15/2017,0.53
2610,DB09 ,12/16/2017,0.76
2611,DB09 ,12/17/2017,0.77
2612,DB09 ,12/18/2017,0.75
2613,DB09 ,12/19/2017,0.79
2614,DB09 ,12/20/2017,0.76
2615,DB09 ,12/21/2017,0.82
2616,DB09 ,12/22/2017,0.68
2617,DB09 ,12/23/2017,0.85
2618,DB09 ,12/24/2017,0.79
2619,DB09 ,12/25/2017,0.79
2620,DB09 ,12/26/2017,0.79
2621,DB09 ,4/1/2018,0.72
2622,DB09 ,5/1/2018,0.77
2623,DB09 ,6/1/2018,1.4
2624,DB09 ,7/1/2018,0.15
2625,DB10 ,1/2/2016,1.01
2626,DB10 ,1/3/2016,0.67
2627,DB10 ,1/4/2016,1.37
2628,DB10 ,1/5/2016,0.79
2629,DB10 ,1/6/2016,0.42
2630,DB10 ,2/2/2016,1.14
2631,DB10 ,2/3/2016,1.36
2632,DB10 ,2/4/2016,1.03
2633,DB10 ,2/5/2016,1.81
2634,DB10 ,2/13/2016,0.89
2635,DB10 ,2/14/2016,0.43
2636,DB10 ,2/16/2016,0.4
2637,DB10 ,2/17/2016,0.8
2638,DB10 ,2/18/2016,1.01
2639,DB10 ,2/19/2016,0.68
2640,DB10 ,2/20/2016,0.75
2641,DB10 ,2/21/2016,1.64
2642,DB10 ,2/22/2016,1.13
2643,DB10 ,2/23/2016,1.17
2644,DB10 ,2/24/2016,0.16
2645,DB10 ,2/25/2016,1.41
2646,DB10 ,2/26/2016,0.77
2647,DB10 ,2/27/2016,0.01
2648,DB10 ,2/28/2016,0.11
2649,DB10 ,3/2/2016,1.11
2650,DB10 ,3/3/2016,1.6
2651,DB10 ,3/4/2016,1.23
2652,DB10 ,3/5/2016,1.31
2653,DB10 ,3/13/2016,1.42
2654,DB10 ,3/14/2016,1.57
2655,DB10 ,3/15/2016,0.96
2656,DB10 ,3/16/2016,0.58
2657,DB10 ,3/17/2016,1.07
2658,DB10 ,3/18/2016,1.28
2659,DB10 ,3/19/2016,1.41
2660,DB10 ,3/20/2016,1.05
2661,DB10 ,3/21/2016,1.3
2662,DB10 ,3/22/2016,1.57
2663,DB10 ,3/23/2016,1.5
2664,DB10 ,3/24/2016,1.71
2665,DB10 ,3/25/2016,1.38
2666,DB10 ,3/26/2016,1.16
2667,DB10 ,3/27/2016,1.14
2668,DB10 ,3/28/2016,0.91
2669,DB10 ,3/29/2016,1.09
2670,DB10 ,3/30/2016,1.04
2671,DB10 ,3/31/2016,0.92
2672,DB10 ,4/2/2016,0.91
2673,DB10 ,4/3/2016,1.36
2674,DB10 ,4/4/2016,1.58
2675,DB10 ,4/5/2016,1.48
2676,DB10 ,4/13/2016,0.27
2677,DB10 ,4/25/2016,0.57
2678,DB10 ,4/26/2016,1.24
2679,DB10 ,4/27/2016,1.47
2680,DB10 ,4/29/2016,0.29
2681,DB10 ,4/30/2016,0.52
2682,DB10 ,5/2/2016,0.84
2683,DB10 ,5/3/2016,1.2
2684,DB10 ,5/4/2016,1.32
2685,DB10 ,5/5/2016,1.44
2686,DB10 ,5/13/2016,1.83
2687,DB10 ,5/14/2016,2.08
2688,DB10 ,5/15/2016,1.54
2689,DB10 ,5/16/2016,1.51
2690,DB10 ,5/17/2016,1
2691,DB10 ,5/18/2016,1.61
2692,DB10 ,5/19/2016,0.5
2693,DB10 ,5/20/2016,0.68
2694,DB10 ,5/21/2016,1.22
2695,DB10 ,5/22/2016,1.67
2696,DB10 ,5/23/2016,1.59
2697,DB10 ,5/24/2016,1.41
2698,DB10 ,5/25/2016,1.92
2699,DB10 ,5/26/2016,1.72
2700,DB10 ,5/27/2016,1.49
2701,DB10 ,5/28/2016,1.29
2702,DB10 ,5/29/2016,1.54
2703,DB10 ,5/30/2016,1.44
2704,DB10 ,5/31/2016,1.08
2705,DB10 ,6/2/2016,1.1
2706,DB10 ,6/3/2016,1.84
2707,DB10 ,6/4/2016,1.24
2708,DB10 ,6/5/2016,0.94
2709,DB10 ,7/2/2016,1.02
2710,DB10 ,7/3/2016,1.79
2711,DB10 ,7/4/2016,1.29
2712,DB10 ,7/5/2016,0.66
2713,DB10 ,8/2/2016,1.05
2714,DB10 ,8/3/2016,1.66
2715,DB10 ,8/4/2016,1.22
2716,DB10 ,8/5/2016,0.93
2717,DB10 ,9/2/2016,0.69
2718,DB10 ,9/3/2016,1.59
2719,DB10 ,9/4/2016,1.5
2720,DB10 ,9/5/2016,0.58
2721,DB10 ,10/2/2016,1.13
2722,DB10 ,10/3/2016,1.17
2723,DB10 ,10/4/2016,1.2
2724,DB10 ,10/5/2016,1.14
2725,DB10 ,11/2/2016,1.01
2726,DB10 ,11/3/2016,1.11
2727,DB10 ,11/4/2016,1.14
2728,DB10 ,11/5/2016,0.79
2729,DB10 ,12/2/2016,0.78
2730,DB10 ,12/3/2016,1.31
2731,DB10 ,12/4/2016,1.01
2732,DB10 ,12/5/2016,1
2733,DB10 ,1/4/2017,2.59
2734,DB10 ,1/6/2017,2.76
2735,DB10 ,1/7/2017,0.85
2736,DB10 ,1/9/2017,0.07
2737,DB10 ,1/10/2017,1.96
2738,DB10 ,1/11/2017,0.05
2739,DB10 ,2/4/2017,1.95
2740,DB10 ,2/5/2017,1.69
2741,DB10 ,2/6/2017,2.89
2742,DB10 ,2/7/2017,0.62
2743,DB10 ,2/9/2017,1.55
2744,DB10 ,2/10/2017,1.75
2745,DB10 ,2/11/2017,0.1
2746,DB10 ,3/4/2017,1.67
2747,DB10 ,3/5/2017,2.19
2748,DB10 ,3/6/2017,2.95
2749,DB10 ,3/9/2017,0.8
2750,DB10 ,3/10/2017,1.83
2751,DB10 ,3/11/2017,0.51
2752,DB10 ,3/20/2017,467.07
2753,DB10 ,3/21/2017,2.35
2754,DB10 ,3/22/2017,1.44
2755,DB10 ,3/23/2017,1.48
2756,DB10 ,3/24/2017,2.09
2757,DB10 ,3/25/2017,2.64
2758,DB10 ,3/26/2017,2.61
2759,DB10 ,3/28/2017,2.46
2760,DB10 ,3/29/2017,3.25
2761,DB10 ,3/30/2017,2.63
2762,DB10 ,3/31/2017,2.64
2763,DB10 ,4/4/2017,2.12
2764,DB10 ,4/5/2017,2.88
2765,DB10 ,4/6/2017,3.67
2766,DB10 ,4/7/2017,1.2
2767,DB10 ,4/9/2017,0.08
2768,DB10 ,4/10/2017,1.78
2769,DB10 ,4/13/2017,1.55
2770,DB10 ,4/14/2017,2.31
2771,DB10 ,4/15/2017,2.47
2772,DB10 ,4/16/2017,1.36
2773,DB10 ,4/17/2017,2.02
2774,DB10 ,4/18/2017,2.8
2775,DB10 ,4/19/2017,2.3
2776,DB10 ,4/20/2017,2.74
2777,DB10 ,4/21/2017,3.36
2778,DB10 ,4/22/2017,2.82
2779,DB10 ,4/23/2017,2.98
2780,DB10 ,4/24/2017,1.46
2781,DB10 ,4/25/2017,1.65
2782,DB10 ,4/26/2017,1.77
2783,DB10 ,4/27/2017,2.15
2784,DB10 ,4/28/2017,0.58
2785,DB10 ,4/29/2017,0.01
2786,DB10 ,5/4/2017,2.03
2787,DB10 ,5/5/2017,2.25
2788,DB10 ,5/6/2017,3.19
2789,DB10 ,5/7/2017,1.11
2790,DB10 ,5/10/2017,1.74
2791,DB10 ,5/13/2017,2.12
2792,DB10 ,5/14/2017,2.45
2793,DB10 ,5/15/2017,3
2794,DB10 ,5/16/2017,2.88
2795,DB10 ,5/17/2017,3.67
2796,DB10 ,5/18/2017,2.63
2797,DB10 ,5/19/2017,2.73
2798,DB10 ,5/20/2017,2.83
2799,DB10 ,5/21/2017,2.72
2800,DB10 ,5/22/2017,2.8
2801,DB10 ,5/23/2017,2.74
2802,DB10 ,5/24/2017,2.79
2803,DB10 ,5/25/2017,2.88
2804,DB10 ,5/26/2017,2.91
2805,DB10 ,5/27/2017,2.13
2806,DB10 ,5/28/2017,3.6
2807,DB10 ,5/29/2017,2.91
2808,DB10 ,5/30/2017,2.25
2809,DB10 ,5/31/2017,2.2
2810,DB10 ,6/4/2017,1.48
2811,DB10 ,6/5/2017,2.32
2812,DB10 ,6/6/2017,1.36
2813,DB10 ,6/7/2017,1.17
2814,DB10 ,6/10/2017,1.79
2815,DB10 ,6/16/2017,1.24
2816,DB10 ,6/28/2017,1.01
2817,DB10 ,6/29/2017,1.31
2818,DB10 ,6/30/2017,1.73
2819,DB10 ,7/4/2017,2.3
2820,DB10 ,7/5/2017,3.04
2821,DB10 ,7/6/2017,2.11
2822,DB10 ,7/7/2017,0.95
2823,DB10 ,7/9/2017,0.83
2824,DB10 ,7/10/2017,1.34
2825,DB10 ,8/4/2017,2.18
2826,DB10 ,8/5/2017,2.53
2827,DB10 ,8/6/2017,3.75
2828,DB10 ,8/7/2017,1.49
2829,DB10 ,8/10/2017,1.21
2830,DB10 ,8/11/2017,1.34
2831,DB10 ,9/4/2017,2.26
2832,DB10 ,9/5/2017,1.79
2833,DB10 ,9/6/2017,2.97
2834,DB10 ,9/7/2017,1.6
2835,DB10 ,9/9/2017,0.51
2836,DB10 ,9/10/2017,1.31
2837,DB10 ,9/11/2017,1.79
2838,DB10 ,9/14/2017,1.43
2839,DB10 ,9/15/2017,2.36
2840,DB10 ,9/16/2017,2.74
2841,DB10 ,9/17/2017,2.16
2842,DB10 ,9/18/2017,0.98
2843,DB10 ,9/20/2017,1.75
2844,DB10 ,9/22/2017,1.94
2845,DB10 ,9/23/2017,1.92
2846,DB10 ,9/24/2017,1.61
2847,DB10 ,9/25/2017,2.29
2848,DB10 ,9/26/2017,1.89
2849,DB10 ,9/27/2017,1.97
2850,DB10 ,9/28/2017,0.89
2851,DB10 ,9/30/2017,1.05
2852,DB10 ,10/4/2017,1.97
2853,DB10 ,10/5/2017,2.19
2854,DB10 ,10/6/2017,3.02
2855,DB10 ,10/7/2017,1.28
2856,DB10 ,10/9/2017,1.52
2857,DB10 ,10/10/2017,1.7
2858,DB10 ,10/11/2017,1.47
2859,DB10 ,10/12/2017,0.06
2860,DB10 ,10/13/2017,0.01
2861,DB10 ,10/17/2017,1.05
2862,DB10 ,10/18/2017,0.91
2863,DB10 ,10/24/2017,1.38
2864,DB10 ,10/25/2017,0.67
2865,DB10 ,10/30/2017,0.06
2866,DB10 ,11/4/2017,1.77
2867,DB10 ,11/5/2017,2.7
2868,DB10 ,11/6/2017,3.22
2869,DB10 ,11/7/2017,0.22
2870,DB10 ,11/9/2017,2.16
2871,DB10 ,11/10/2017,0.61
2872,DB10 ,11/11/2017,1.49
2873,DB10 ,11/12/2017,1.22
2874,DB10 ,11/13/2017,1.01
2875,DB10 ,11/14/2017,1.75
2876,DB10 ,11/15/2017,1.78
2877,DB10 ,11/16/2017,1.61
2878,DB10 ,11/17/2017,0.08
2879,DB10 ,11/28/2017,0.02
2880,DB10 ,12/4/2017,2.25
2881,DB10 ,12/5/2017,2.35
2882,DB10 ,12/6/2017,2.3
2883,DB10 ,12/9/2017,0.53
2884,DB10 ,12/10/2017,1.18
2885,DB10 ,12/11/2017,1.79
2886,DB10 ,12/12/2017,2.17
2887,DB10 ,12/13/2017,1.15
2888,DB10 ,12/15/2017,1.24
2889,DB10 ,12/16/2017,2.2
2890,DB10 ,12/17/2017,2.29
2891,DB10 ,12/18/2017,2.48
2892,DB10 ,12/19/2017,2.29
2893,DB10 ,12/20/2017,2.17
2894,DB10 ,12/21/2017,2.16
2895,DB10 ,12/22/2017,2.07
2896,DB10 ,12/23/2017,2.33
2897,DB10 ,12/24/2017,2.08
2898,DB10 ,12/25/2017,2.27
2899,DB10 ,12/26/2017,1.95
2900,DB10 ,4/1/2018,1.71
2901,DB10 ,5/1/2018,1.72
2902,DB10 ,6/1/2018,1.59
2903,DB10 ,7/1/2018,0.67
2904,DB11 ,1/2/2016,0.71
2905,DB11 ,1/3/2016,0.44
2906,DB11 ,1/4/2016,0.65
2907,DB11 ,1/5/2016,0.59
2908,DB11 ,2/2/2016,0.67
2909,DB11 ,2/3/2016,0.73
2910,DB11 ,2/4/2016,0.62
2911,DB11 ,2/5/2016,0.75
2912,DB11 ,2/13/2016,0.68
2913,DB11 ,2/14/2016,0.33
2914,DB11 ,2/16/2016,0.29
2915,DB11 ,2/17/2016,0.68
2916,DB11 ,2/18/2016,0.97
2917,DB11 ,2/19/2016,0.49
2918,DB11 ,2/20/2016,0.71
2919,DB11 ,2/21/2016,1.06
2920,DB11 ,2/22/2016,0.82
2921,DB11 ,2/25/2016,0.42
2922,DB11 ,2/27/2016,0.05
2923,DB11 ,3/2/2016,0.74
2924,DB11 ,3/3/2016,0.78
2925,DB11 ,3/4/2016,0.63
2926,DB11 ,3/5/2016,0.99
2927,DB11 ,3/13/2016,0.65
2928,DB11 ,3/14/2016,0.63
2929,DB11 ,3/15/2016,0.32
2930,DB11 ,3/16/2016,0.4
2931,DB11 ,3/17/2016,0.64
2932,DB11 ,3/18/2016,0.62
2933,DB11 ,3/19/2016,0.62
2934,DB11 ,3/20/2016,0.63
2935,DB11 ,3/21/2016,0.64
2936,DB11 ,3/22/2016,0.63
2937,DB11 ,3/23/2016,0.63
2938,DB11 ,3/24/2016,0.67
2939,DB11 ,3/25/2016,0.62
2940,DB11 ,3/26/2016,0.71
2941,DB11 ,3/27/2016,0.68
2942,DB11 ,3/28/2016,0.63
2943,DB11 ,3/29/2016,0.65
2944,DB11 ,3/30/2016,0.67
2945,DB11 ,3/31/2016,0.69
2946,DB11 ,4/2/2016,0.67
2947,DB11 ,4/3/2016,0.7
2948,DB11 ,4/4/2016,0.71
2949,DB11 ,4/5/2016,1.07
2950,DB11 ,4/13/2016,0.21
2951,DB11 ,4/25/2016,0.38
2952,DB11 ,4/26/2016,0.66
2953,DB11 ,4/27/2016,0.27
2954,DB11 ,4/29/2016,0.37
2955,DB11 ,4/30/2016,0.64
2956,DB11 ,5/2/2016,0.58
2957,DB11 ,5/3/2016,0.72
2958,DB11 ,5/4/2016,0.61
2959,DB11 ,5/5/2016,1.02
2960,DB11 ,6/2/2016,0.77
2961,DB11 ,6/3/2016,0.64
2962,DB11 ,6/4/2016,0.69
2963,DB11 ,6/5/2016,1.01
2964,DB11 ,7/2/2016,0.83
2965,DB11 ,7/3/2016,0.65
2966,DB11 ,7/4/2016,0.65
2967,DB11 ,7/5/2016,0.94
2968,DB11 ,8/2/2016,0.8
2969,DB11 ,8/3/2016,0.67
2970,DB11 ,8/4/2016,0.57
2971,DB11 ,8/5/2016,0.96
2972,DB11 ,9/2/2016,0.64
2973,DB11 ,9/3/2016,0.7
2974,DB11 ,9/4/2016,0.64
2975,DB11 ,9/5/2016,0.99
2976,DB11 ,10/2/2016,0.91
2977,DB11 ,10/3/2016,0.67
2978,DB11 ,10/4/2016,0.68
2979,DB11 ,10/5/2016,0.98
2980,DB11 ,11/2/2016,0.9
2981,DB11 ,11/3/2016,0.62
2982,DB11 ,11/4/2016,0.66
2983,DB11 ,11/5/2016,0.29
2984,DB11 ,12/2/2016,0.73
2985,DB11 ,12/3/2016,0.64
2986,DB11 ,12/4/2016,0.61
2987,DB11 ,1/4/2017,0.91
2988,DB11 ,1/6/2017,0.56
2989,DB11 ,1/7/2017,0.39
2990,DB11 ,1/9/2017,0.06
2991,DB11 ,1/10/2017,0.86
2992,DB11 ,1/11/2017,0.02
2993,DB11 ,2/4/2017,0.92
2994,DB11 ,2/5/2017,0.18
2995,DB11 ,2/6/2017,0.59
2996,DB11 ,2/7/2017,0.55
2997,DB11 ,2/9/2017,0.74
2998,DB11 ,2/10/2017,0.88
2999,DB11 ,2/11/2017,0.06
3000,DB11 ,3/4/2017,0.82
3001,DB11 ,3/5/2017,0.32
3002,DB11 ,3/6/2017,0.49
3003,DB11 ,3/9/2017,0.32
3004,DB11 ,3/10/2017,0.92
3005,DB11 ,3/11/2017,0.24
3006,DB11 ,3/20/2017,266.03
3007,DB11 ,3/21/2017,0.8
3008,DB11 ,3/22/2017,0.5
3009,DB11 ,3/23/2017,0.58
3010,DB11 ,3/24/2017,0.8
3011,DB11 ,3/25/2017,0.77
3012,DB11 ,3/26/2017,0.76
3013,DB11 ,3/28/2017,0.64
3014,DB11 ,3/29/2017,0.9
3015,DB11 ,3/30/2017,0.82
3016,DB11 ,3/31/2017,0.93
3017,DB11 ,4/4/2017,0.87
3018,DB11 ,4/5/2017,0.48
3019,DB11 ,4/6/2017,0.58
3020,DB11 ,4/7/2017,0.58
3021,DB11 ,4/9/2017,0.04
3022,DB11 ,4/10/2017,0.89
3023,DB11 ,4/13/2017,0.76
3024,DB11 ,4/14/2017,0.67
3025,DB11 ,4/15/2017,0.74
3026,DB11 ,4/16/2017,0.45
3027,DB11 ,4/17/2017,0.74
3028,DB11 ,4/18/2017,0.76
3029,DB11 ,4/19/2017,0.63
3030,DB11 ,4/20/2017,1.48
3031,DB11 ,4/21/2017,2.85
3032,DB11 ,4/22/2017,1.75
3033,DB11 ,4/23/2017,0.78
3034,DB11 ,4/24/2017,0.41
3035,DB11 ,4/25/2017,0.39
3036,DB11 ,4/26/2017,0.9
3037,DB11 ,4/27/2017,0.29
3038,DB11 ,4/28/2017,0.03
3039,DB11 ,5/4/2017,0.78
3040,DB11 ,5/5/2017,0.33
3041,DB11 ,5/6/2017,0.54
3042,DB11 ,5/7/2017,0.55
3043,DB11 ,5/10/2017,1.04
3044,DB11 ,5/13/2017,0.49
3045,DB11 ,5/14/2017,0.38
3046,DB11 ,5/15/2017,0.41
3047,DB11 ,5/16/2017,0.37
3048,DB11 ,5/17/2017,0.52
3049,DB11 ,5/18/2017,0.49
3050,DB11 ,5/19/2017,0.62
3051,DB11 ,5/20/2017,0.69
3052,DB11 ,5/21/2017,0.7
3053,DB11 ,5/22/2017,0.68
3054,DB11 ,5/23/2017,0.59
3055,DB11 ,5/24/2017,0.53
3056,DB11 ,5/25/2017,0.71
3057,DB11 ,5/26/2017,0.56
3058,DB11 ,5/27/2017,0.62
3059,DB11 ,5/28/2017,0.67
3060,DB11 ,5/29/2017,0.62
3061,DB11 ,5/30/2017,0.76
3062,DB11 ,5/31/2017,0.56
3063,DB11 ,6/4/2017,0.8
3064,DB11 ,6/5/2017,0.42
3065,DB11 ,6/6/2017,0.5
3066,DB11 ,6/7/2017,0.64
3067,DB11 ,6/10/2017,0.98
3068,DB11 ,6/16/2017,0.36
3069,DB11 ,6/28/2017,0.41
3070,DB11 ,6/29/2017,0.61
3071,DB11 ,6/30/2017,0.62
3072,DB11 ,7/4/2017,0.79
3073,DB11 ,7/5/2017,0.48
3074,DB11 ,7/6/2017,0.67
3075,DB11 ,7/7/2017,0.59
3076,DB11 ,7/9/2017,0.51
3077,DB11 ,7/10/2017,0.61
3078,DB11 ,8/4/2017,0.82
3079,DB11 ,8/5/2017,0.42
3080,DB11 ,8/6/2017,0.75
3081,DB11 ,8/7/2017,0.75
3082,DB11 ,8/10/2017,0.65
3083,DB11 ,8/11/2017,0.52
3084,DB11 ,9/4/2017,0.56
3085,DB11 ,9/5/2017,0.53
3086,DB11 ,9/6/2017,0.65
3087,DB11 ,9/7/2017,0.67
3088,DB11 ,9/9/2017,0.34
3089,DB11 ,9/10/2017,0.6
3090,DB11 ,9/11/2017,0.82
3091,DB11 ,9/14/2017,0.77
3092,DB11 ,9/15/2017,1.11
3093,DB11 ,9/16/2017,0.97
3094,DB11 ,9/17/2017,0.83
3095,DB11 ,9/18/2017,0.47
3096,DB11 ,9/20/2017,0.84
3097,DB11 ,9/22/2017,0.78
3098,DB11 ,9/23/2017,1.08
3099,DB11 ,9/24/2017,0.81
3100,DB11 ,9/25/2017,0.96
3101,DB11 ,9/26/2017,1.01
3102,DB11 ,9/27/2017,0.53
3103,DB11 ,9/30/2017,0.63
3104,DB11 ,10/4/2017,0.61
3105,DB11 ,10/5/2017,0.43
3106,DB11 ,10/6/2017,0.64
3107,DB11 ,10/7/2017,0.55
3108,DB11 ,10/9/2017,0.68
3109,DB11 ,10/10/2017,0.82
3110,DB11 ,10/11/2017,0.78
3111,DB11 ,10/12/2017,0.03
3112,DB11 ,10/24/2017,0.83
3113,DB11 ,10/25/2017,0.39
3114,DB11 ,10/30/2017,0.03
3115,DB11 ,11/4/2017,0.67
3116,DB11 ,11/5/2017,0.43
3117,DB11 ,11/6/2017,0.76
3118,DB11 ,11/7/2017,0.08
3119,DB11 ,11/9/2017,0.98
3120,DB11 ,11/10/2017,0.39
3121,DB11 ,11/11/2017,0.85
3122,DB11 ,11/12/2017,0.94
3123,DB11 ,11/13/2017,0.46
3124,DB11 ,11/14/2017,0.93
3125,DB11 ,11/15/2017,0.82
3126,DB11 ,11/16/2017,0.78
3127,DB11 ,11/17/2017,0.03
3128,DB11 ,11/28/2017,0.05
3129,DB11 ,12/4/2017,0.74
3130,DB11 ,12/5/2017,0.45
3131,DB11 ,12/6/2017,0.52
3132,DB11 ,12/10/2017,0.61
3133,DB11 ,12/11/2017,0.87
3134,DB11 ,12/12/2017,1.6
3135,DB11 ,12/13/2017,0.9
3136,DB11 ,12/15/2017,0.67
3137,DB11 ,12/16/2017,1.7
3138,DB11 ,12/17/2017,1.41
3139,DB11 ,12/18/2017,1.6
3140,DB11 ,12/19/2017,1.28
3141,DB11 ,12/20/2017,1.41
3142,DB11 ,12/21/2017,1.82
3143,DB11 ,12/22/2017,1.72
3144,DB11 ,12/23/2017,1.7
3145,DB11 ,12/24/2017,1.24
3146,DB11 ,12/25/2017,1.5
3147,DB11 ,12/26/2017,1.59
3148,DB11 ,4/1/2018,1.2
3149,DB11 ,5/1/2018,1.56
3150,DB11 ,6/1/2018,1.75
3151,DB11 ,7/1/2018,0.45
3152,DB12 ,1/2/2016,1.29
3153,DB12 ,1/3/2016,1.55
3154,DB12 ,1/4/2016,1.72
3155,DB12 ,1/5/2016,2.06
3156,DB12 ,1/6/2016,1
3157,DB12 ,1/12/2016,0.03
3158,DB12 ,2/2/2016,1.29
3159,DB12 ,2/3/2016,1.52
3160,DB12 ,2/4/2016,1.46
3161,DB12 ,2/5/2016,3.49
3162,DB12 ,2/13/2016,1.1
3163,DB12 ,2/14/2016,0.28
3164,DB12 ,2/15/2016,0.85
3165,DB12 ,2/16/2016,1.25
3166,DB12 ,2/17/2016,1.25
3167,DB12 ,2/18/2016,1.26
3168,DB12 ,2/19/2016,1.27
3169,DB12 ,2/20/2016,1.35
3170,DB12 ,2/21/2016,1.42
3171,DB12 ,2/22/2016,1.36
3172,DB12 ,2/23/2016,1.42
3173,DB12 ,2/24/2016,1.5
3174,DB12 ,2/25/2016,1.23
3175,DB12 ,2/26/2016,1.39
3176,DB12 ,2/27/2016,0.74
3177,DB12 ,2/28/2016,1.46
3178,DB12 ,2/29/2016,1.31
3179,DB12 ,3/2/2016,1.32
3180,DB12 ,3/3/2016,1.32
3181,DB12 ,3/4/2016,2.59
3182,DB12 ,3/5/2016,2.51
3183,DB12 ,3/12/2016,0.06
3184,DB12 ,3/13/2016,1.17
3185,DB12 ,3/14/2016,1.06
3186,DB12 ,3/15/2016,1.04
3187,DB12 ,3/16/2016,1.01
3188,DB12 ,3/17/2016,1.16
3189,DB12 ,3/18/2016,2.1
3190,DB12 ,3/19/2016,2.1
3191,DB12 ,3/20/2016,2.22
3192,DB12 ,3/21/2016,1.74
3193,DB12 ,3/22/2016,1.91
3194,DB12 ,3/23/2016,2.07
3195,DB12 ,3/24/2016,1.73
3196,DB12 ,3/25/2016,1.49
3197,DB12 ,3/26/2016,1.46
3198,DB12 ,3/27/2016,2.67
3199,DB12 ,3/28/2016,1.84
3200,DB12 ,3/29/2016,2.53
3201,DB12 ,3/30/2016,2.98
3202,DB12 ,3/31/2016,1.85
3203,DB12 ,4/2/2016,1.25
3204,DB12 ,4/3/2016,1.3
3205,DB12 ,4/4/2016,2.94
3206,DB12 ,4/5/2016,2.55
3207,DB12 ,4/12/2016,0.03
3208,DB12 ,4/13/2016,1.89
3209,DB12 ,4/14/2016,2.76
3210,DB12 ,4/15/2016,3.04
3211,DB12 ,4/16/2016,3
3212,DB12 ,4/17/2016,1.93
3213,DB12 ,4/18/2016,0.22
3214,DB12 ,4/19/2016,1.53
3215,DB12 ,4/20/2016,1.39
3216,DB12 ,4/25/2016,1.33
3217,DB12 ,4/26/2016,2.35
3218,DB12 ,4/27/2016,2.48
3219,DB12 ,4/28/2016,2.64
3220,DB12 ,4/29/2016,2.52
3221,DB12 ,4/30/2016,2.26
3222,DB12 ,5/2/2016,1.37
3223,DB12 ,5/3/2016,1.55
3224,DB12 ,5/4/2016,2.53
3225,DB12 ,5/5/2016,2.52
3226,DB12 ,5/13/2016,1.86
3227,DB12 ,5/14/2016,2.87
3228,DB12 ,5/15/2016,3.03
3229,DB12 ,5/16/2016,3.08
3230,DB12 ,5/17/2016,2.96
3231,DB12 ,5/18/2016,3.13
3232,DB12 ,5/19/2016,2.34
3233,DB12 ,5/20/2016,1.55
3234,DB12 ,5/21/2016,2.29
3235,DB12 ,5/22/2016,2.4
3236,DB12 ,5/23/2016,3.62
3237,DB12 ,5/24/2016,3.06
3238,DB12 ,5/25/2016,2.2
3239,DB12 ,5/26/2016,2.14
3240,DB12 ,5/27/2016,2.81
3241,DB12 ,5/28/2016,3.21
3242,DB12 ,5/29/2016,2.96
3243,DB12 ,5/30/2016,2.52
3244,DB12 ,5/31/2016,2.61
3245,DB12 ,6/2/2016,1.47
3246,DB12 ,6/3/2016,1.66
3247,DB12 ,6/4/2016,2.02
3248,DB12 ,6/5/2016,1.78
3249,DB12 ,7/2/2016,1.38
3250,DB12 ,7/3/2016,1.4
3251,DB12 ,7/4/2016,2
3252,DB12 ,7/5/2016,1.48
3253,DB12 ,7/11/2016,0.03
3254,DB12 ,7/12/2016,0.03
3255,DB12 ,8/2/2016,1.26
3256,DB12 ,8/3/2016,1.31
3257,DB12 ,8/4/2016,1.98
3258,DB12 ,8/5/2016,1.37
3259,DB12 ,8/11/2016,0.03
3260,DB12 ,9/2/2016,1.19
3261,DB12 ,9/3/2016,1.34
3262,DB12 ,9/4/2016,1.74
3263,DB12 ,9/5/2016,2.01
3264,DB12 ,9/11/2016,0.02
3265,DB12 ,9/12/2016,0.04
3266,DB12 ,10/2/2016,1.21
3267,DB12 ,10/3/2016,1.56
3268,DB12 ,10/4/2016,2.4
3269,DB12 ,10/5/2016,1.97
3270,DB12 ,11/2/2016,1.22
3271,DB12 ,11/3/2016,1.46
3272,DB12 ,11/4/2016,2.14
3273,DB12 ,11/5/2016,2.06
3274,DB12 ,11/14/2016,0.06
3275,DB12 ,11/15/2016,0.05
3276,DB12 ,11/16/2016,0.05
3277,DB12 ,11/17/2016,0.01
3278,DB12 ,11/18/2016,0.01
3279,DB12 ,11/19/2016,0.09
3280,DB12 ,11/20/2016,0.06
3281,DB12 ,11/21/2016,0.02
3282,DB12 ,11/22/2016,0.04
3283,DB12 ,11/30/2016,0.02
3284,DB12 ,12/2/2016,1.19
3285,DB12 ,12/3/2016,1.65
3286,DB12 ,12/4/2016,2.22
3287,DB12 ,12/5/2016,1.72
3288,DB12 ,12/13/2016,0.06
3289,DB12 ,12/14/2016,0.05
3290,DB12 ,12/15/2016,0.01
3291,DB12 ,1/2/2017,0.05
3292,DB12 ,1/3/2017,0.09
3293,DB12 ,1/4/2017,3.08
3294,DB12 ,1/5/2017,5.69
3295,DB12 ,1/6/2017,6.14
3296,DB12 ,1/9/2017,0.51
3297,DB12 ,1/10/2017,0.48
3298,DB12 ,1/11/2017,0.04
3299,DB12 ,1/13/2017,0.08
3300,DB12 ,1/14/2017,0.05
3301,DB12 ,1/15/2017,0.06
3302,DB12 ,1/16/2017,0.06
3303,DB12 ,1/17/2017,0.07
3304,DB12 ,1/18/2017,0.03
3305,DB12 ,1/19/2017,0.02
3306,DB12 ,1/20/2017,0.05
3307,DB12 ,1/21/2017,0.05
3308,DB12 ,1/22/2017,0.05
3309,DB12 ,1/23/2017,0.07
3310,DB12 ,1/24/2017,0.08
3311,DB12 ,1/25/2017,0.06
3312,DB12 ,1/26/2017,0.08
3313,DB12 ,1/27/2017,0.05
3314,DB12 ,1/28/2017,0.07
3315,DB12 ,1/29/2017,0.05
3316,DB12 ,1/30/2017,0.04
3317,DB12 ,1/31/2017,0.06
3318,DB12 ,2/2/2017,0.05
3319,DB12 ,2/3/2017,0.06
3320,DB12 ,2/4/2017,2.82
3321,DB12 ,2/5/2017,5.51
3322,DB12 ,2/6/2017,5.3
3323,DB12 ,2/8/2017,0.04
3324,DB12 ,2/9/2017,0.92
3325,DB12 ,2/10/2017,0.05
3326,DB12 ,2/11/2017,0.11
3327,DB12 ,2/13/2017,0.05
3328,DB12 ,2/20/2017,0.06
3329,DB12 ,2/21/2017,0.08
3330,DB12 ,2/22/2017,0.08
3331,DB12 ,2/23/2017,0.06
3332,DB12 ,2/24/2017,0.06
3333,DB12 ,2/25/2017,0.05
3334,DB12 ,2/26/2017,0.04
3335,DB12 ,2/27/2017,0.07
3336,DB12 ,2/28/2017,0.06
3337,DB12 ,3/2/2017,0.07
3338,DB12 ,3/3/2017,0.02
3339,DB12 ,3/4/2017,3.02
3340,DB12 ,3/5/2017,4.82
3341,DB12 ,3/6/2017,4.43
3342,DB12 ,3/8/2017,0.07
3343,DB12 ,3/9/2017,2.07
3344,DB12 ,3/10/2017,0.05
3345,DB12 ,3/11/2017,0.27
3346,DB12 ,3/13/2017,0.04
3347,DB12 ,3/14/2017,0.07
3348,DB12 ,3/15/2017,0.06
3349,DB12 ,3/16/2017,0.05
3350,DB12 ,3/17/2017,0.04
3351,DB12 ,3/18/2017,0.08
3352,DB12 ,3/19/2017,0.84
3353,DB12 ,3/20/2017,-8.88
3354,DB12 ,3/21/2017,1.35
3355,DB12 ,3/22/2017,1.63
3356,DB12 ,3/23/2017,12.12
3357,DB12 ,3/24/2017,-7.71
3358,DB12 ,3/25/2017,3.22
3359,DB12 ,3/26/2017,2.08
3360,DB12 ,3/28/2017,3.37
3361,DB12 ,3/29/2017,3.82
3362,DB12 ,3/30/2017,-8.49
3363,DB12 ,3/31/2017,3.43
3364,DB12 ,4/2/2017,0.04
3365,DB12 ,4/3/2017,0.03
3366,DB12 ,4/4/2017,2.91
3367,DB12 ,4/5/2017,6.59
3368,DB12 ,4/6/2017,6.56
3369,DB12 ,4/7/2017,0.01
3370,DB12 ,4/8/2017,0.03
3371,DB12 ,4/9/2017,1.4
3372,DB12 ,4/10/2017,0.05
3373,DB12 ,4/13/2017,0.03
3374,DB12 ,4/14/2017,0.07
3375,DB12 ,4/15/2017,0.03
3376,DB12 ,4/18/2017,2.86
3377,DB12 ,4/19/2017,3.73
3378,DB12 ,4/20/2017,2.69
3379,DB12 ,4/21/2017,3.39
3380,DB12 ,4/22/2017,23.44
3381,DB12 ,4/23/2017,3.89
3382,DB12 ,4/24/2017,25.48
3383,DB12 ,4/25/2017,25.11
3384,DB12 ,4/26/2017,-19.68
3385,DB12 ,4/27/2017,2.23
3386,DB12 ,4/28/2017,4.67
3387,DB12 ,4/29/2017,4.88
3388,DB12 ,4/30/2017,5.49
3389,DB12 ,5/2/2017,0.07
3390,DB12 ,5/3/2017,0.05
3391,DB12 ,5/4/2017,2.99
3392,DB12 ,5/5/2017,5.5
3393,DB12 ,5/6/2017,5.37
3394,DB12 ,5/8/2017,0.04
3395,DB12 ,5/9/2017,1.31
3396,DB12 ,5/10/2017,0.07
3397,DB12 ,5/13/2017,5.79
3398,DB12 ,5/14/2017,3.31
3399,DB12 ,5/18/2017,1.92
3400,DB12 ,5/19/2017,5.05
3401,DB12 ,5/20/2017,4.39
3402,DB12 ,5/21/2017,5.15
3403,DB12 ,5/22/2017,6.84
3404,DB12 ,5/23/2017,6.25
3405,DB12 ,5/24/2017,5.62
3406,DB12 ,5/25/2017,6.17
3407,DB12 ,5/26/2017,5.85
3408,DB12 ,5/27/2017,3.84
3409,DB12 ,5/28/2017,6.78
3410,DB12 ,5/29/2017,5.25
3411,DB12 ,5/30/2017,5.91
3412,DB12 ,5/31/2017,5.65
3413,DB12 ,6/1/2017,0.03
3414,DB12 ,6/2/2017,0.06
3415,DB12 ,6/3/2017,0.06
3416,DB12 ,6/4/2017,-6.92
3417,DB12 ,6/5/2017,5.53
3418,DB12 ,6/6/2017,3.49
3419,DB12 ,6/7/2017,0.01
3420,DB12 ,6/9/2017,1.52
3421,DB12 ,6/10/2017,0.07
3422,DB12 ,6/13/2017,2.81
3423,DB12 ,6/14/2017,0.03
3424,DB12 ,6/15/2017,3.02
3425,DB12 ,6/16/2017,3.42
3426,DB12 ,6/17/2017,4.53
3427,DB12 ,6/18/2017,3.8
3428,DB12 ,7/1/2017,0.04
3429,DB12 ,7/2/2017,0.06
3430,DB12 ,7/3/2017,0.06
3431,DB12 ,7/4/2017,3.67
3432,DB12 ,7/5/2017,5.49
3433,DB12 ,7/6/2017,5.1
3434,DB12 ,7/9/2017,1.85
3435,DB12 ,7/10/2017,0.06
3436,DB12 ,8/1/2017,0.05
3437,DB12 ,8/2/2017,0.06
3438,DB12 ,8/3/2017,0.06
3439,DB12 ,8/4/2017,3.46
3440,DB12 ,8/5/2017,5.12
3441,DB12 ,8/6/2017,4.45
3442,DB12 ,8/9/2017,0.44
3443,DB12 ,8/10/2017,0.04
3444,DB12 ,8/11/2017,0.97
3445,DB12 ,8/24/2017,0.01
3446,DB12 ,8/30/2017,0.05
3447,DB12 ,8/31/2017,0.01
3448,DB12 ,9/1/2017,0.06
3449,DB12 ,9/2/2017,0.07
3450,DB12 ,9/3/2017,0.06
3451,DB12 ,9/4/2017,3.28
3452,DB12 ,9/5/2017,5.56
3453,DB12 ,9/6/2017,5.46
3454,DB12 ,9/9/2017,0.73
3455,DB12 ,9/10/2017,0.05
3456,DB12 ,9/11/2017,1.27
3457,DB12 ,9/14/2017,0.43
3458,DB12 ,9/15/2017,0.95
3459,DB12 ,9/16/2017,0.88
3460,DB12 ,9/17/2017,1.84
3461,DB12 ,9/18/2017,0.61
3462,DB12 ,9/20/2017,1.31
3463,DB12 ,9/22/2017,0.96
3464,DB12 ,9/23/2017,1.18
3465,DB12 ,9/24/2017,1.19
3466,DB12 ,9/25/2017,1.76
3467,DB12 ,9/26/2017,1.5
3468,DB12 ,9/27/2017,1.02
3469,DB12 ,9/28/2017,1.53
3470,DB12 ,9/29/2017,1.42
3471,DB12 ,9/30/2017,1.28
3472,DB12 ,10/1/2017,0.02
3473,DB12 ,10/2/2017,0.07
3474,DB12 ,10/3/2017,0.05
3475,DB12 ,10/4/2017,15.57
3476,DB12 ,10/5/2017,6.36
3477,DB12 ,10/6/2017,5.47
3478,DB12 ,10/9/2017,1.75
3479,DB12 ,10/10/2017,0.04
3480,DB12 ,10/11/2017,1.54
3481,DB12 ,10/12/2017,0.07
3482,DB12 ,10/17/2017,0.61
3483,DB12 ,10/18/2017,1.25
3484,DB12 ,10/19/2017,0.21
3485,DB12 ,10/24/2017,0.51
3486,DB12 ,10/25/2017,0.02
3487,DB12 ,10/30/2017,0.31
3488,DB12 ,10/31/2017,0.02
3489,DB12 ,11/1/2017,0.04
3490,DB12 ,11/2/2017,0.07
3491,DB12 ,11/3/2017,0.07
3492,DB12 ,11/4/2017,0.4
3493,DB12 ,11/5/2017,6.66
3494,DB12 ,11/6/2017,2.01
3495,DB12 ,11/9/2017,1.27
3496,DB12 ,11/10/2017,1.03
3497,DB12 ,11/11/2017,1.4
3498,DB12 ,11/12/2017,1.05
3499,DB12 ,11/13/2017,0.88
3500,DB12 ,11/14/2017,1.25
3501,DB12 ,11/15/2017,1.46
3502,DB12 ,11/16/2017,1.14
3503,DB12 ,11/17/2017,0.01
3504,DB12 ,12/1/2017,0.07
3505,DB12 ,12/2/2017,0.07
3506,DB12 ,12/3/2017,0.03
3507,DB12 ,12/4/2017,0.09
3508,DB12 ,12/5/2017,5.13
3509,DB12 ,12/6/2017,1.85
3510,DB12 ,12/9/2017,0.38
3511,DB12 ,12/10/2017,1.32
3512,DB12 ,12/11/2017,1.43
3513,DB12 ,12/12/2017,1.55
3514,DB12 ,12/13/2017,0.87
3515,DB12 ,12/15/2017,0.93
3516,DB12 ,12/16/2017,1.44
3517,DB12 ,12/17/2017,1.54
3518,DB12 ,12/18/2017,1.47
3519,DB12 ,12/19/2017,1.36
3520,DB12 ,12/20/2017,1.28
3521,DB12 ,12/21/2017,1.58
3522,DB12 ,12/22/2017,1.32
3523,DB12 ,12/23/2017,1.4
3524,DB12 ,12/24/2017,1.16
3525,DB12 ,12/25/2017,1.42
3526,DB12 ,12/26/2017,1.16
3527,DB12 ,4/1/2018,1.19
3528,DB12 ,5/1/2018,1.36
3529,DB12 ,6/1/2018,1.25
3530,DB12 ,7/1/2018,0.34
